sdAb-DB ID,NB_ID,Nanobody ID,Source,Antigen_ID,Antigen,Nanobody Sequence,Antigen Sequence,Ag-UniProt-ID
sdAb_6274_Sy,NB_1_AG_1,NTV4,Synthetic Construct,AG_1,Vascular endothelial growth factor (VEGF) receptor VEGFR-2 domain3 (VEGFR D3),MAQVQLLESGGGLVQPGGSLRLSCAASGVTITDEDMTRVRQAPGKGLEWVSSILNTGGSTYYADSVKGRFTISRDNSKNTLYLQMNSLRAEDTAVYYCAAVHEKAADMNFWGQGTLVTVSS,DHNPFISVEWLKGPILEATAGDELVKLPVKLAAYPPPEFQWYKDGKALSGRHSPHALVLKEVTEASTGTYTLALWNSAAGLRRNISLELVVNVPPQIHEKEASSPSIYSRHSRQALTCTAYGVPLPLSIQWHWRPWTPCKMFAQRSLRRRQQQDLMPQCRDWRAVTTQDAVNPIESLDTWTEFVEGKNKTVSKLVIQNANVSAMYKCVVSNKVGQDERLIYFYVTTHHHHHH,4BSJ_1
sdAb_6905_Sy,NB_2_AG_1,NTV1,Synthetic Construct,AG_1,Vascular endothelial growth factor (VEGF) receptor VEGFR-2 domain3 (VEGFR D3),MAQVQLLESGGGLVQPGGSLRLSCAASGYSVINDFMTWVRQAPGKGLEWVSSISVADGSTYYADSVKGRFTISRDNSKNTLYLQMNSLRAEDTAVYYCAARVGGRDLGWPYELDYWGQGTLVTVSS,DHNPFISVEWLKGPILEATAGDELVKLPVKLAAYPPPEFQWYKDGKALSGRHSPHALVLKEVTEASTGTYTLALWNSAAGLRRNISLELVVNVPPQIHEKEASSPSIYSRHSRQALTCTAYGVPLPLSIQWHWRPWTPCKMFAQRSLRRRQQQDLMPQCRDWRAVTTQDAVNPIESLDTWTEFVEGKNKTVSKLVIQNANVSAMYKCVVSNKVGQDERLIYFYVTTHHHHHH,4BSJ_1
sdAb_7522_Sy,NB_3_AG_1,NTV3,Synthetic Construct,AG_1,Vascular endothelial growth factor (VEGF) receptor VEGFR-2 domain3 (VEGFR D3),MAQVQLLESGGGLVQPGGSLRLSCAASGVRVNYKSMSWVRQAPGKGLEWVSTITSRNGSTYYADSVKGRFTISRDNSKNTLYLQMNSLRAEDTAVYYCATGRAHHAPVRYWGQGTLVTVSS,DHNPFISVEWLKGPILEATAGDELVKLPVKLAAYPPPEFQWYKDGKALSGRHSPHALVLKEVTEASTGTYTLALWNSAAGLRRNISLELVVNVPPQIHEKEASSPSIYSRHSRQALTCTAYGVPLPLSIQWHWRPWTPCKMFAQRSLRRRQQQDLMPQCRDWRAVTTQDAVNPIESLDTWTEFVEGKNKTVSKLVIQNANVSAMYKCVVSNKVGQDERLIYFYVTTHHHHHH,4BSJ_1
sdAb_8824_Sy,NB_4_AG_1,NTV2,Synthetic Construct,AG_1,Vascular endothelial growth factor (VEGF) receptor VEGFR-2 domain3 (VEGFR D3),MAQVQLLESGGGLVQPGGSLRLSCAASGFKITNKTMAWVRQAPGKGLEWVSSIGSSSGSTYYADSVKGRFTISRDNSKNTLYLQMNSLRAEDTAVYYCARRKGNRLGPAALRSWGQGTLVTVSS,DHNPFISVEWLKGPILEATAGDELVKLPVKLAAYPPPEFQWYKDGKALSGRHSPHALVLKEVTEASTGTYTLALWNSAAGLRRNISLELVVNVPPQIHEKEASSPSIYSRHSRQALTCTAYGVPLPLSIQWHWRPWTPCKMFAQRSLRRRQQQDLMPQCRDWRAVTTQDAVNPIESLDTWTEFVEGKNKTVSKLVIQNANVSAMYKCVVSNKVGQDERLIYFYVTTHHHHHH,4BSJ_1
sdAb_5206_Vp,NB_5_AG_2,Nb237,Alpaca (Vicugna pacos),AG_2,TRIM28,QVQLQESGGGLVQPGGSLRLSCVASGRTINNYGVVWFRQAPGKDRECVAAIGVIVVTTLYADSVKGRSTISRDNTKNTLYLQMNSLKPEDTAVYYCAAAAIKLPSSTTTVYYWGQGTQVTVSS,MAASAAAASAAAASAASGSPGPGEGSAGGEKRSTAPSAAASASASAAASSPAGGGAEALELLEHCGVCRERLRPEREPRLLPCLHSACSACLGPAAPAAANSSGDGGAAGDGTVVDCPVCKQQCFSKDIVENYFMRDSGSKAATDAQDANQCCTSCEDNAPATSYCVECSEPLCETCVEAHQRVKYTKDHTVRSTGPAKSRDGERTVYCNVHKHEPLVLFCESCDTLTCRDCQLNAHKDHQYQFLEDAVRNQRKLLASLVKRLGDKHATLQKSTKEVRSSIRQVSDVQKRVQVDVKMAILQIMKELNKRGRVLVNDAQKVTEGQQERLERQHWTMTKIQKHQEHILRFASWALESDNNTALLLSKKLIYFQLHRALKMIVDPVEPHGEMKFQWDLNAWTKSAEAFGKIVAERPGTNSTGPAPMAPPRAPGPLSKQGSGSSQPMEVQEGYGFGSGDDPYSSAEPHVSGVKRSRSGEGEVSGLMRKVPRVSLERLDLDLTADSQPPVFKVFPGSTTEDYNLIVIERGAAAAATGQPGTAPAGTPGAPPLAGMAIVKEEETEAAIGAPPTATEGPETKPVLMALAEGPGAEGPRLASPSGSTSSGLEVVAPEGTSAPGGGPGTLDDSATICRVCQKPGDLVMCNQCEFCFHLDCHLPALQDVPGEEWSCSLCHVLPDLKEEDGSLSLDGADSTGVVAKLSPANQRKCERVLLALFCHEPCRPLHQLATDSTFSLDQPGGTLDLTLIRARLQEKLSPPYSSPQEFAQDVGRMFKQFNKLTEDKADVQSIIGLQRFFETRMNEAFGDTKFSAVLVEPPPMSLPGAGLSSQELSGGPGDGP,Q13263
sdAb_0045_Cd,NB_6_AG_3,Nb16,Arabian camel (Camelus dromedarius),AG_3,human cytotoxic T-lymphocyte antigen-4 (CTLA-4),QVQLQESGGGSVQAGGSLRLSCTASGFGVDGTDMGWYRQAPGNECELVSSISSIGIGYYSESVKGRFTISRDNAKNTVYLQMNSLRPDDTAVYYCGRRWIGYRCGNWGRGTQVTVSS,MACLGFQRHKAQLNLATRTWPCTLLFFLLFIPVFCKAMHVAQPAVVLASSRGIASFVCEYASPGKATEVRVTVLRQADSQVTEVCAATYMMGNELTFLDDSICTGTSSGNQVNLTIQGLRAMDTGLYICKVELMYPPPYYLGIGNGTQIYVIDPEPCPDSDFLLWILAAVSSGLFFYSFLLTAVSLSKMLKKRSPLTTGVYVKMPPTEPECEKQFQPYFIPIN,P16410
sdAb_2601_Cd,NB_7_AG_3,Nb30,Arabian camel (Camelus dromedarius),AG_3,human cytotoxic T-lymphocyte antigen-4 (CTLA-4),QVQLQESGGGLVQTAGSLRLSCAGSGLPYSNYCMGWFRQAPGKEREGVAAINNFGTTKYADSVKGRFTISKDSGKNTLDLQMNSLKPEDTAMYYCAAVRSCYGTGNLFNERQYPDWGQGTQVTVSS,MACLGFQRHKAQLNLATRTWPCTLLFFLLFIPVFCKAMHVAQPAVVLASSRGIASFVCEYASPGKATEVRVTVLRQADSQVTEVCAATYMMGNELTFLDDSICTGTSSGNQVNLTIQGLRAMDTGLYICKVELMYPPPYYLGIGNGTQIYVIDPEPCPDSDFLLWILAAVSSGLFFYSFLLTAVSLSKMLKKRSPLTTGVYVKMPPTEPECEKQFQPYFIPIN,P16410
sdAb_6412_Cd,NB_8_AG_3,Nb36,Arabian camel (Camelus dromedarius),AG_3,human cytotoxic T-lymphocyte antigen-4 (CTLA-4),QVQLQESGGGSVQAGGSLRLSCTGSRYTYTMGWFRQAPGKEREGVVAITAFGSPFYADSVKGRFTISRDNANNTIFLQMNSLKPEDSAMYYCAARGSSGTSYKWNEYGSYNYWGQGTQVTVSS,MACLGFQRHKAQLNLATRTWPCTLLFFLLFIPVFCKAMHVAQPAVVLASSRGIASFVCEYASPGKATEVRVTVLRQADSQVTEVCAATYMMGNELTFLDDSICTGTSSGNQVNLTIQGLRAMDTGLYICKVELMYPPPYYLGIGNGTQIYVIDPEPCPDSDFLLWILAAVSSGLFFYSFLLTAVSLSKMLKKRSPLTTGVYVKMPPTEPECEKQFQPYFIPIN,P16410
sdAb_6649_Cd,NB_9_AG_3,Nb91,Arabian camel (Camelus dromedarius),AG_3,human cytotoxic T-lymphocyte antigen-4 (CTLA-4),QVQLQESGGGSVQAGGSLRLSCAASKYTSCMGWFRQAPGKEREVVAHIDSGPRTLYADSVKGRFTISKDNAKNTLYLEMSTLKPDDTAMYYCAAGPMYSGSCNYNYWGQGTQVTVSS,MACLGFQRHKAQLNLATRTWPCTLLFFLLFIPVFCKAMHVAQPAVVLASSRGIASFVCEYASPGKATEVRVTVLRQADSQVTEVCAATYMMGNELTFLDDSICTGTSSGNQVNLTIQGLRAMDTGLYICKVELMYPPPYYLGIGNGTQIYVIDPEPCPDSDFLLWILAAVSSGLFFYSFLLTAVSLSKMLKKRSPLTTGVYVKMPPTEPECEKQFQPYFIPIN,P16410
sdAb_2579_Vp,NB_10_AG_3,Xpo7_D11,Alpaca (Vicugna pacos),AG_3,human exportin 7 (Xpo7),QVQLVESGGGLVQAGGSLRLSCTASGRTFNYLGMGWFRQAPGKEREFVAAITWVGRIIYYADSVKGRFTISRDNANNKVYLHMTTLKSEDTAVYFCAAGDTRDRTISKQSAYGVWGQGTQVTVSS,MADHVQSLAQLENLCKQLYETTDTTTRLQAEKALVEFTNSPDCLSKCQLLLERGSSSYSQLLAATCLTKLVSRTNNPLPLEQRIDIRNYVLNYLATRPKLATFVTQALIQLYARITKLGWFDCQKDDYVFRNAITDVTRFLQDSVEYCIIGVTILSQLTNEINQADTTHPLTKHRKIASSFRDSSLFDIFTLSCNLLKQASGKNLNLNDESQHGLLMQLLKLTHNCLNFDFIGTSTDESSDDLCTVQIPTSWRSAFLDSSTLQLFFDLYHSIPPSFSPLVLSCLVQIASVRRSLFNNAERAKFLSHLVDGVKRILENPQSLSDPNNYHEFCRLLARLKSNYQLGELVKVENYPEVIRLIANFTVTSLQHWEFAPNSVHYLLSLWQRLAASVPYVKATEPHMLETYTPEVTKAYITSRLESVHIILRDGLEDPLEDTGLVQQQLDQLSTIGRCEYEKTCALLVQLFDQSAQSYQELLQSASASPMDIAVQEGRLTWLVYIIGAVIGGRVSFASTDEQDAMDGELVCRVLQLMNLTDSRLAQAGNEKLELAMLSFFEQFRKIYIGDQVQKSSKLYRRLSEVLGLNDETMVLSVFIGKIITNLKYWGRCEPITSKTLQLLNDLSIGYSSVRKLVKLSAVQFMLNNHTSEHFSFLGINNQSNLTDMRCRTTFYTALGRLLMVDLGEDEDQYEQFMLPLTAAFEAVAQMFSTNSFNEQEAKRTLVGLVRDLRGIAFAFNAKTSFMMLFEWIYPSYMPILQRAIELWYHDPACTTPVLKLMAELVHNRSQRLQFDVSSPNGILLFRETSKMITMYGNRILTLGEVPKDQVYALKLKGISICFSMLKAALSGSYVNFGVFRLYGDDALDNALQTFIKLLLSIPHSDLLDYPKLSQSYYSLLEVLTQDHMNFIASLEPHVIMYILSSISEGLTALDTMVCTGCCSCLDHIVTYLFKQLSRSTKKRTTPLNQESDRFLHIMQQHPEMIQQMLSTVLNIIIFEDCRNQWSMSRPLLGLILLNEKYFSDLRNSIVNSQPPEKQQAMHLCFENLMEGIERNLLTKNRDRFTQNLSAFRREVNDSMKNSTYGVNSNDMMS,Q9UIA9
sdAb_5146_Vp,NB_11_AG_3,Xpo7_D18,Alpaca (Vicugna pacos),AG_3,human exportin 7 (Xpo7),QVQLVESGGGLVQAGGSLRLSCAASGRTFSSYGMAWFRQAPGKEREFVATISWAGGTTYYADSVKGRFTISRDNGKNTLFLQMNSLQPEDTAVYCCAASKQRYGGTSFRSYEYWGQGTQVTVSS,MADHVQSLAQLENLCKQLYETTDTTTRLQAEKALVEFTNSPDCLSKCQLLLERGSSSYSQLLAATCLTKLVSRTNNPLPLEQRIDIRNYVLNYLATRPKLATFVTQALIQLYARITKLGWFDCQKDDYVFRNAITDVTRFLQDSVEYCIIGVTILSQLTNEINQADTTHPLTKHRKIASSFRDSSLFDIFTLSCNLLKQASGKNLNLNDESQHGLLMQLLKLTHNCLNFDFIGTSTDESSDDLCTVQIPTSWRSAFLDSSTLQLFFDLYHSIPPSFSPLVLSCLVQIASVRRSLFNNAERAKFLSHLVDGVKRILENPQSLSDPNNYHEFCRLLARLKSNYQLGELVKVENYPEVIRLIANFTVTSLQHWEFAPNSVHYLLSLWQRLAASVPYVKATEPHMLETYTPEVTKAYITSRLESVHIILRDGLEDPLEDTGLVQQQLDQLSTIGRCEYEKTCALLVQLFDQSAQSYQELLQSASASPMDIAVQEGRLTWLVYIIGAVIGGRVSFASTDEQDAMDGELVCRVLQLMNLTDSRLAQAGNEKLELAMLSFFEQFRKIYIGDQVQKSSKLYRRLSEVLGLNDETMVLSVFIGKIITNLKYWGRCEPITSKTLQLLNDLSIGYSSVRKLVKLSAVQFMLNNHTSEHFSFLGINNQSNLTDMRCRTTFYTALGRLLMVDLGEDEDQYEQFMLPLTAAFEAVAQMFSTNSFNEQEAKRTLVGLVRDLRGIAFAFNAKTSFMMLFEWIYPSYMPILQRAIELWYHDPACTTPVLKLMAELVHNRSQRLQFDVSSPNGILLFRETSKMITMYGNRILTLGEVPKDQVYALKLKGISICFSMLKAALSGSYVNFGVFRLYGDDALDNALQTFIKLLLSIPHSDLLDYPKLSQSYYSLLEVLTQDHMNFIASLEPHVIMYILSSISEGLTALDTMVCTGCCSCLDHIVTYLFKQLSRSTKKRTTPLNQESDRFLHIMQQHPEMIQQMLSTVLNIIIFEDCRNQWSMSRPLLGLILLNEKYFSDLRNSIVNSQPPEKQQAMHLCFENLMEGIERNLLTKNRDRFTQNLSAFRREVNDSMKNSTYGVNSNDMMS,Q9UIA9
sdAb_9183_Vp,NB_12_AG_4,Nb179,Alpaca (Vicugna pacos),AG_4,Glioblastoma multiforme nucleosome assembly protein l like (NAP1L1),DVQLVESGGGLVQAGGSLRLSCAASGTIVSRYDMAWYRQAPGKQRELVSIMTKSGSTNYADSVKDRFTISGDNAKNTMYLQHNSLKPEDTAVYYCDGINNRWYYWGRGTQVTVSS,MADIDNKEQSELDQDLDDVEEVEEEETGEETKLKARQLTVQMMQNPQILAALQERLDGLVETPTGYIESLPRVVKRRVNALKNLQVKCAQIEAKFYEEVHDLERKYAVLYQPLFDKRFEIINAIYEPTEEECEWKPDEEDEISEELKEKAKIEDEKKDEEKEDPKGIPEFWLTVFKNVDLLSDMVQEHDEPILKHLKDIKVKFSDAGQPMSFVLEFHFEPNEYFTNEVLTKTYRMRSEPDDSDPFSFDGPEIMGCTGCQIDWKKGKNVTLKTIKKKQKHKGRGTVRTVTKTVSNDSFFNFFAPPEVPESGDLDDDAEAILAADFEIGHFLRERIIPRSVLYFTGEAIEDDDDDYDEEGEEADEEGEEEGDEENDPDYDPKKDQNPAECKQQ,P55209
sdAb_0479_Sy,NB_13_AG_5,N5-1,Synthetic Construct,AG_5,gelsolin,QVQLQESGGGSVQAGGSLRLSCVVSGYTYSSKCMSWYRQAPGKQREFVSYIDSDGSTKYADSVTGRFTISQDNAKNTVYLQMNSLKPEDTAMYYCKMRTVSCRGGVFDQVDNYWGQGTQVTVSS,MAPHRPAPALLCALSLALCALSLPVRAATASRGASQAGAPQGRVPEARPNSMVVEHPEFLKAGKEPGLQIWRVEKFDLVPVPTNLYGDFFTGDAYVILKTVQLRNGNLQYDLHYWLGNECSQDESGAAAIFTVQLDDYLNGRAVQHREVQGFESATFLGYFKSGLKYKKGGVASGFKHVVPNEVVVQRLFQVKGRRVVRATEVPVSWESFNNGDCFILDLGNNIHQWCGSNSNRYERLKATQVSKGIRDNERSGRARVHVSEEGTEPEAMLQVLGPKPALPAGTEDTAKEDAANRKLAKLYKVSNGAGTMSVSLVADENPFAQGALKSEDCFILDHGKDGKIFVWKGKQANTEERKAALKTASDFITKMDYPKQTQVSVLPEGGETPLFKQFFKNWRDPDQTDGLGLSYLSSHIANVERVPFDAATLHTSTAMAAQHGMDDDGTGQKQIWRIEGSNKVPVDPATYGQFYGGDSYIILYNYRHGGRQGQIIYNWQGAQSTQDEVAASAILTAQLDEELGGTPVQSRVVQGKEPAHLMSLFGGKPMIIYKGGTSREGGQTAPASTRLFQVRANSAGATRAVEVLPKAGALNSNDAFVLKTPSAAYLWVGTGASEAEKTGAQELLRVLRAQPVQVAEGSEPDGFWEALGGKAAYRTSPRLKDKKMDAHPPRLFACSNKIGRFVIEEVPGELMQEDLATDDVMLLDTWDQVFVWVGKDSQEEEKTEALTSAKRYIETDPANRDRRTPITVVKQGFEPPSFVGWFLGWDDDYWSVDPLDRAMAELAA,P06396
sdAb_6822_Cd,NB_14_AG_6,VHH1,Arabian camel (Camelus dromedarius),AG_6,Granulocyte colony-stimulating factor receptor (G-CSF-R),GGGSVQAGGSLKLSCEASLPSTTTPYSMAWFRQAPGREREAVATISARGGTKLYSDSVRERFTISRDNRKNTVYLKMDHLNTDDTAIYYCAATGSILFNSRPFAESTYPFWGQGTLVTVSS,MARLGNCSLTWAALIILLLPGSLEECGHISVSAPIVHLGDPITASCIIKQNCSHLDPEPQILWRLGAELQPGGRQQRLSDGTQESIITLPHLNHTQAFLSCCLNWGNSLQILDQVELRAGYPPAIPHNLSCLMNLTTSSLICQWEPGPETHLPTSFTLKSFKSRGNCQTQGDSILDCVPKDGQSHCCIPRKHLLLYQNMGIWVQAENALGTSMSPQLCLDPMDVVKLEPPMLRTMDPSPEAAPPQAGCLQLCWEPWQPGLHINQKCELRHKPQRGEASWALVGPLPLEALQYELCGLLPATAYTLQIRCIRWPLPGHWSDWSPSLELRTTERAPTVRLDTWWRQRQLDPRTVQLFWKPVPLEEDSGRIQGYVVSWRPSGQAGAILPLCNTTELSCTFHLPSEAQEVALVAYNSAGTSRPTPVVFSESRGPALTRLHAMARDPHSLWVGWEPPNPWPQGYVIEWGLGPPSASNSNKTWRMEQNGRATGFLLKENIRPFQLYEIIVTPLYQDTMGPSQHVYAYSQEMAPSHAPELHLKHIGKTWAQLEWVPEPPELGKSPLTHYTIFWTNAQNQSFSAILNASSRGFVLHGLEPASLYHIHLMAASQAGATNSTVLTLMTLTPEGSELHIILGLFGLLLLLTCLCGTAWLCCSPNRKNPLWPSVPDPAHSSLGSWVPTIMEEDAFQLPGLGTPPITKLTVLEEDEKKPVPWESHNSSETCGLPTLVQTYVLQGDPRAVSTQPQSQSGTSDQVLYGQLLGSPTSPGPGHYLRCDSTQPLLAGLTPSPKSYENLWFQASPLGTLVTPAPSQEDDCVFGPLLNFPLLQGIRVHGMEALGSF,Q99062
sdAb_8118_Cd,NB_15_AG_6,VHH26,Arabian camel (Camelus dromedarius),AG_6,Granulocyte colony-stimulating factor receptor (G-CSF-R),GGGTVQAGGSLKLSCAARGWRFSGYCVAWFRQAPGKEREAVAIIPGAGVMYTDDSVKGRFTYSRDNVKNTVSLQMNSLEPEDTATYYCAVDWAYSHSCPKNTEDYRYWGQGTQVTVSS,MARLGNCSLTWAALIILLLPGSLEECGHISVSAPIVHLGDPITASCIIKQNCSHLDPEPQILWRLGAELQPGGRQQRLSDGTQESIITLPHLNHTQAFLSCCLNWGNSLQILDQVELRAGYPPAIPHNLSCLMNLTTSSLICQWEPGPETHLPTSFTLKSFKSRGNCQTQGDSILDCVPKDGQSHCCIPRKHLLLYQNMGIWVQAENALGTSMSPQLCLDPMDVVKLEPPMLRTMDPSPEAAPPQAGCLQLCWEPWQPGLHINQKCELRHKPQRGEASWALVGPLPLEALQYELCGLLPATAYTLQIRCIRWPLPGHWSDWSPSLELRTTERAPTVRLDTWWRQRQLDPRTVQLFWKPVPLEEDSGRIQGYVVSWRPSGQAGAILPLCNTTELSCTFHLPSEAQEVALVAYNSAGTSRPTPVVFSESRGPALTRLHAMARDPHSLWVGWEPPNPWPQGYVIEWGLGPPSASNSNKTWRMEQNGRATGFLLKENIRPFQLYEIIVTPLYQDTMGPSQHVYAYSQEMAPSHAPELHLKHIGKTWAQLEWVPEPPELGKSPLTHYTIFWTNAQNQSFSAILNASSRGFVLHGLEPASLYHIHLMAASQAGATNSTVLTLMTLTPEGSELHIILGLFGLLLLLTCLCGTAWLCCSPNRKNPLWPSVPDPAHSSLGSWVPTIMEEDAFQLPGLGTPPITKLTVLEEDEKKPVPWESHNSSETCGLPTLVQTYVLQGDPRAVSTQPQSQSGTSDQVLYGQLLGSPTSPGPGHYLRCDSTQPLLAGLTPSPKSYENLWFQASPLGTLVTPAPSQEDDCVFGPLLNFPLLQGIRVHGMEALGSF,Q99062
sdAb_0403_Cd,NB_16_AG_7,4hD29,Arabian camel (Camelus dromedarius),AG_7,human dipeptidyl-peptidase 6 (DPP6),QVQLQESGGGLVQPGGSLRLSCAASGFTFSSNYMTWVRQAPGKGPEWVSGINPDGSSTYYADSVKGRFTISRDNAKNTLYLQMNSLKSEDTALYKCATGAAPRIPTTLRGQGTQVTVSS,MASLYQRFTGKINTSRSFPAPPEASHLLGGQGPEEDGGAGAKPLGPRAQAAAPRERGGGGGGAGGRPRFQYQARSDGDEEDELVGSNPPQRNWKGIAIALLVILVICSLIVTSVILLTPAEDNSLSQKKKVTVEDLFSEDFKIHDPEAKWISDTEFIYREQKGTVRLWNVETNTSTVLIEGKKIESLRAIRYEISPDREYALFSYNVEPIYQHSYTGYYVLSKIPHGDPQSLDPPEVSNAKLQYAGWGPKGQQLIFIFENNIYYCAHVGKQAIRVVSTGKEGVIYNGLSDWLYEEEILKTHIAHWWSPDGTRLAYAAINDSRVPIMELPTYTGSIYPTVKPYHYPKAGSENPSISLHVIGLNGPTHDLEMMPPDDPRMREYYITMVKWATSTKVAVTWLNRAQNVSILTLCDATTGVCTKKHEDESEAWLHRQNEEPVFSKDGRKFFFIRAIPQGGRGKFYHITVSSSQPNSSNDNIQSITSGDWDVTKILAYDEKGNKIYFLSTEDLPRRRQLYSANTVGNFNRQCLSCDLVENCTYFSASFSHSMDFFLLKCEGPGVPMVTVHNTTDKKKMFDLETNEHVKKAINDRQMPKVEYRDIEIDDYNLPMQILKPATFTDTTHYPLLLVVDGTPGSQSVAEKFEVSWETVMVSSHGAVVVKCDGRGSGFQGTKLLHEVRRRLGLLEEKDQMEAVRTMLKEQYIDRTRVAVFGKDYGGYLSTYILPAKGENQGQTFTCGSALSPITDFKLYASAFSERYLGLHGLDNRAYEMTKVAHRVSALEEQQFLIIHPTADEKIHFQHTAELITQLIRGKANYSLQIYPDESHYFTSSSLKQHLYRSIINFFVECFRIQDKLLTVTAKEDEEED,P42658
sdAb_1424_Cd,NB_17_AG_7,2hD1,Arabian camel (Camelus dromedarius),AG_7,human dipeptidyl-peptidase 6 (DPP6),QVQLQESGGGLVQPGGSLRLSCAASGYPYGYTFSSYCMRWFRQAPGKDREGVARFERNGLTTYYDDSVKGRFTISQDNVKNTVYLQMNSLKPEDTATYYCAAAPKQLRTCGDYNYWGQGTQVTVSS,MASLYQRFTGKINTSRSFPAPPEASHLLGGQGPEEDGGAGAKPLGPRAQAAAPRERGGGGGGAGGRPRFQYQARSDGDEEDELVGSNPPQRNWKGIAIALLVILVICSLIVTSVILLTPAEDNSLSQKKKVTVEDLFSEDFKIHDPEAKWISDTEFIYREQKGTVRLWNVETNTSTVLIEGKKIESLRAIRYEISPDREYALFSYNVEPIYQHSYTGYYVLSKIPHGDPQSLDPPEVSNAKLQYAGWGPKGQQLIFIFENNIYYCAHVGKQAIRVVSTGKEGVIYNGLSDWLYEEEILKTHIAHWWSPDGTRLAYAAINDSRVPIMELPTYTGSIYPTVKPYHYPKAGSENPSISLHVIGLNGPTHDLEMMPPDDPRMREYYITMVKWATSTKVAVTWLNRAQNVSILTLCDATTGVCTKKHEDESEAWLHRQNEEPVFSKDGRKFFFIRAIPQGGRGKFYHITVSSSQPNSSNDNIQSITSGDWDVTKILAYDEKGNKIYFLSTEDLPRRRQLYSANTVGNFNRQCLSCDLVENCTYFSASFSHSMDFFLLKCEGPGVPMVTVHNTTDKKKMFDLETNEHVKKAINDRQMPKVEYRDIEIDDYNLPMQILKPATFTDTTHYPLLLVVDGTPGSQSVAEKFEVSWETVMVSSHGAVVVKCDGRGSGFQGTKLLHEVRRRLGLLEEKDQMEAVRTMLKEQYIDRTRVAVFGKDYGGYLSTYILPAKGENQGQTFTCGSALSPITDFKLYASAFSERYLGLHGLDNRAYEMTKVAHRVSALEEQQFLIIHPTADEKIHFQHTAELITQLIRGKANYSLQIYPDESHYFTSSSLKQHLYRSIINFFVECFRIQDKLLTVTAKEDEEED,P42658
sdAb_1701_Cd,NB_18_AG_7,2hD6,Arabian camel (Camelus dromedarius),AG_7,human dipeptidyl-peptidase 6 (DPP6),QVQLQESGGGSVQAGGSLRLSCAASSYTYSYSCMAWFRQAPGKERERVASIHTGTGTANYADSAKGRFTISQDIAANTVYLQMNSLKLEDTAMYYCAARPGSAALRCTTDYSKPHDFTYWGQGTQVTVSS,MASLYQRFTGKINTSRSFPAPPEASHLLGGQGPEEDGGAGAKPLGPRAQAAAPRERGGGGGGAGGRPRFQYQARSDGDEEDELVGSNPPQRNWKGIAIALLVILVICSLIVTSVILLTPAEDNSLSQKKKVTVEDLFSEDFKIHDPEAKWISDTEFIYREQKGTVRLWNVETNTSTVLIEGKKIESLRAIRYEISPDREYALFSYNVEPIYQHSYTGYYVLSKIPHGDPQSLDPPEVSNAKLQYAGWGPKGQQLIFIFENNIYYCAHVGKQAIRVVSTGKEGVIYNGLSDWLYEEEILKTHIAHWWSPDGTRLAYAAINDSRVPIMELPTYTGSIYPTVKPYHYPKAGSENPSISLHVIGLNGPTHDLEMMPPDDPRMREYYITMVKWATSTKVAVTWLNRAQNVSILTLCDATTGVCTKKHEDESEAWLHRQNEEPVFSKDGRKFFFIRAIPQGGRGKFYHITVSSSQPNSSNDNIQSITSGDWDVTKILAYDEKGNKIYFLSTEDLPRRRQLYSANTVGNFNRQCLSCDLVENCTYFSASFSHSMDFFLLKCEGPGVPMVTVHNTTDKKKMFDLETNEHVKKAINDRQMPKVEYRDIEIDDYNLPMQILKPATFTDTTHYPLLLVVDGTPGSQSVAEKFEVSWETVMVSSHGAVVVKCDGRGSGFQGTKLLHEVRRRLGLLEEKDQMEAVRTMLKEQYIDRTRVAVFGKDYGGYLSTYILPAKGENQGQTFTCGSALSPITDFKLYASAFSERYLGLHGLDNRAYEMTKVAHRVSALEEQQFLIIHPTADEKIHFQHTAELITQLIRGKANYSLQIYPDESHYFTSSSLKQHLYRSIINFFVECFRIQDKLLTVTAKEDEEED,P42658
sdAb_4911_Cd,NB_19_AG_7,2hD123,Arabian camel (Camelus dromedarius),AG_7,human dipeptidyl-peptidase 6 (DPP6),QVQLQESGGGSVQAGGSLRLSCAASGSSYSRFRMGWFRQVPGKEREGVAAIYRSDGRTYYADSVKGRFTISQDNTKNTVYLQMNSLKREDTAMYYCAAGAYSSYLMDANFAYWGQGTQVTVSS,MASLYQRFTGKINTSRSFPAPPEASHLLGGQGPEEDGGAGAKPLGPRAQAAAPRERGGGGGGAGGRPRFQYQARSDGDEEDELVGSNPPQRNWKGIAIALLVILVICSLIVTSVILLTPAEDNSLSQKKKVTVEDLFSEDFKIHDPEAKWISDTEFIYREQKGTVRLWNVETNTSTVLIEGKKIESLRAIRYEISPDREYALFSYNVEPIYQHSYTGYYVLSKIPHGDPQSLDPPEVSNAKLQYAGWGPKGQQLIFIFENNIYYCAHVGKQAIRVVSTGKEGVIYNGLSDWLYEEEILKTHIAHWWSPDGTRLAYAAINDSRVPIMELPTYTGSIYPTVKPYHYPKAGSENPSISLHVIGLNGPTHDLEMMPPDDPRMREYYITMVKWATSTKVAVTWLNRAQNVSILTLCDATTGVCTKKHEDESEAWLHRQNEEPVFSKDGRKFFFIRAIPQGGRGKFYHITVSSSQPNSSNDNIQSITSGDWDVTKILAYDEKGNKIYFLSTEDLPRRRQLYSANTVGNFNRQCLSCDLVENCTYFSASFSHSMDFFLLKCEGPGVPMVTVHNTTDKKKMFDLETNEHVKKAINDRQMPKVEYRDIEIDDYNLPMQILKPATFTDTTHYPLLLVVDGTPGSQSVAEKFEVSWETVMVSSHGAVVVKCDGRGSGFQGTKLLHEVRRRLGLLEEKDQMEAVRTMLKEQYIDRTRVAVFGKDYGGYLSTYILPAKGENQGQTFTCGSALSPITDFKLYASAFSERYLGLHGLDNRAYEMTKVAHRVSALEEQQFLIIHPTADEKIHFQHTAELITQLIRGKANYSLQIYPDESHYFTSSSLKQHLYRSIINFFVECFRIQDKLLTVTAKEDEEED,P42658
sdAb_8461_Cd,NB_20_AG_7,2hD38,Arabian camel (Camelus dromedarius),AG_7,human dipeptidyl-peptidase 6 (DPP6),QVQLQESGGGSVQAGGSLRLSCAASENTQGNYCLAWFRQAPGKEREGVASISSGGIKTYYADTVKGRFTISRDNAENTVYLQMNSLKPEDTAIYYCAARTSVTCFASSWARLNAYAYWGQGTQVTVSS,MASLYQRFTGKINTSRSFPAPPEASHLLGGQGPEEDGGAGAKPLGPRAQAAAPRERGGGGGGAGGRPRFQYQARSDGDEEDELVGSNPPQRNWKGIAIALLVILVICSLIVTSVILLTPAEDNSLSQKKKVTVEDLFSEDFKIHDPEAKWISDTEFIYREQKGTVRLWNVETNTSTVLIEGKKIESLRAIRYEISPDREYALFSYNVEPIYQHSYTGYYVLSKIPHGDPQSLDPPEVSNAKLQYAGWGPKGQQLIFIFENNIYYCAHVGKQAIRVVSTGKEGVIYNGLSDWLYEEEILKTHIAHWWSPDGTRLAYAAINDSRVPIMELPTYTGSIYPTVKPYHYPKAGSENPSISLHVIGLNGPTHDLEMMPPDDPRMREYYITMVKWATSTKVAVTWLNRAQNVSILTLCDATTGVCTKKHEDESEAWLHRQNEEPVFSKDGRKFFFIRAIPQGGRGKFYHITVSSSQPNSSNDNIQSITSGDWDVTKILAYDEKGNKIYFLSTEDLPRRRQLYSANTVGNFNRQCLSCDLVENCTYFSASFSHSMDFFLLKCEGPGVPMVTVHNTTDKKKMFDLETNEHVKKAINDRQMPKVEYRDIEIDDYNLPMQILKPATFTDTTHYPLLLVVDGTPGSQSVAEKFEVSWETVMVSSHGAVVVKCDGRGSGFQGTKLLHEVRRRLGLLEEKDQMEAVRTMLKEQYIDRTRVAVFGKDYGGYLSTYILPAKGENQGQTFTCGSALSPITDFKLYASAFSERYLGLHGLDNRAYEMTKVAHRVSALEEQQFLIIHPTADEKIHFQHTAELITQLIRGKANYSLQIYPDESHYFTSSSLKQHLYRSIINFFVECFRIQDKLLTVTAKEDEEED,P42658
sdAb_0005_Sy,NB_21_AG_8,N8-9,Synthetic Construct,AG_8,Tumor protein p53 N-terminal transcription-activation domain,QVQLQESGGGLVQAGGSLRLSCAASGRAVSMYNMGWFRQAPGQERELVAAISRGGSIYYADSVKGRFTISRDNAKNTLYLQMNNLKPEDTGVYQCRQGSTLGQGTQVTVSS,MEEPQSDPSVEPPLSQETFSDLWKLLPENNVLSPLPSQAMDDLMLSPDDIEQWFTEDPGPDEAPRMPEAAPPVAPAPAAPTPAAPAPAPSWPLSSSVPSQKTYQGSYGFRLGFLHSGTAKSVTCTYSPALNKMFCQLAKTCPVQLWVDSTPPPGTRVRAMAIYKQSQHMTEVVRRCPHHERCSDSDGLAPPQHLIRVEGNLRVEYLDDRNTFRHSVVVPYEPPEVGSDCTTIHYNYMCNSSCMGGMNRRPILTIITLEDSSGNLLGRNSFEVRVCACPGRDRRTEEENLRKKGEPHHELPPGSTKRALPNNTSSSPQPKKKPLDGEYFTLQIRGRERFEMFRELNEALELKDAQAGKEPGGSRAHSSHLKSKKGQSTSRHKKLMFKTEGPDSD,P04637
sdAb_0058_Sy,NB_22_AG_8,N8-13,Synthetic Construct,AG_8,Tumor protein p53 N-terminal transcription-activation domain,QVQLQESGGGLVQTGGSLRLSCASSEDILSLNAMGWFRQAPGKQRELVARITRAGSVTYGDSVKGRFTISRDNAKNTVYLQMNSLKPEDTAVYYCAASDSPVAIGTTGGGIAYWGQGTQVTVSS,MEEPQSDPSVEPPLSQETFSDLWKLLPENNVLSPLPSQAMDDLMLSPDDIEQWFTEDPGPDEAPRMPEAAPPVAPAPAAPTPAAPAPAPSWPLSSSVPSQKTYQGSYGFRLGFLHSGTAKSVTCTYSPALNKMFCQLAKTCPVQLWVDSTPPPGTRVRAMAIYKQSQHMTEVVRRCPHHERCSDSDGLAPPQHLIRVEGNLRVEYLDDRNTFRHSVVVPYEPPEVGSDCTTIHYNYMCNSSCMGGMNRRPILTIITLEDSSGNLLGRNSFEVRVCACPGRDRRTEEENLRKKGEPHHELPPGSTKRALPNNTSSSPQPKKKPLDGEYFTLQIRGRERFEMFRELNEALELKDAQAGKEPGGSRAHSSHLKSKKGQSTSRHKKLMFKTEGPDSD,P04637
sdAb_1146_Sy,NB_23_AG_8,N8-7,Synthetic Construct,AG_8,Tumor protein p53 N-terminal transcription-activation domain,QVQLQESGGGLVQPGGSLRLSCAVSGNIFSNNAMGWYRQAPGKERKLVAAVSSGGSTYYADSVKGRFTISRSNTKNTLYLQMNDLKPEDTGVYQCRQGSTLGQGTQVTVSS,MEEPQSDPSVEPPLSQETFSDLWKLLPENNVLSPLPSQAMDDLMLSPDDIEQWFTEDPGPDEAPRMPEAAPPVAPAPAAPTPAAPAPAPSWPLSSSVPSQKTYQGSYGFRLGFLHSGTAKSVTCTYSPALNKMFCQLAKTCPVQLWVDSTPPPGTRVRAMAIYKQSQHMTEVVRRCPHHERCSDSDGLAPPQHLIRVEGNLRVEYLDDRNTFRHSVVVPYEPPEVGSDCTTIHYNYMCNSSCMGGMNRRPILTIITLEDSSGNLLGRNSFEVRVCACPGRDRRTEEENLRKKGEPHHELPPGSTKRALPNNTSSSPQPKKKPLDGEYFTLQIRGRERFEMFRELNEALELKDAQAGKEPGGSRAHSSHLKSKKGQSTSRHKKLMFKTEGPDSD,P04637
sdAb_1626_Sy,NB_24_AG_8,N8-10,Synthetic Construct,AG_8,Tumor protein p53 N-terminal transcription-activation domain,QVQLQESGGGLVQPGGSLRLSCAASGSIFSINAMGWYRQAPGKERELVAAISSGGSTYYADSVKGRFTISRDNAKNTLYLQMNNLKPEDTGVYQCRQGSTLGQGTQVTVSS,MEEPQSDPSVEPPLSQETFSDLWKLLPENNVLSPLPSQAMDDLMLSPDDIEQWFTEDPGPDEAPRMPEAAPPVAPAPAAPTPAAPAPAPSWPLSSSVPSQKTYQGSYGFRLGFLHSGTAKSVTCTYSPALNKMFCQLAKTCPVQLWVDSTPPPGTRVRAMAIYKQSQHMTEVVRRCPHHERCSDSDGLAPPQHLIRVEGNLRVEYLDDRNTFRHSVVVPYEPPEVGSDCTTIHYNYMCNSSCMGGMNRRPILTIITLEDSSGNLLGRNSFEVRVCACPGRDRRTEEENLRKKGEPHHELPPGSTKRALPNNTSSSPQPKKKPLDGEYFTLQIRGRERFEMFRELNEALELKDAQAGKEPGGSRAHSSHLKSKKGQSTSRHKKLMFKTEGPDSD,P04637
sdAb_1634_Sy,NB_25_AG_8,N8-14,Synthetic Construct,AG_8,Tumor protein p53 N-terminal transcription-activation domain,QVQLQESGGGLVHRGESLRLSCKASEWIFTTKAMGWYRQAPGEKRDLVAAMHVGGTIYYADVVKGRFTISKDTAKSTLYLQMDSLKPEDTAVYFCRIGNIRGQGTQVTVSS,MEEPQSDPSVEPPLSQETFSDLWKLLPENNVLSPLPSQAMDDLMLSPDDIEQWFTEDPGPDEAPRMPEAAPPVAPAPAAPTPAAPAPAPSWPLSSSVPSQKTYQGSYGFRLGFLHSGTAKSVTCTYSPALNKMFCQLAKTCPVQLWVDSTPPPGTRVRAMAIYKQSQHMTEVVRRCPHHERCSDSDGLAPPQHLIRVEGNLRVEYLDDRNTFRHSVVVPYEPPEVGSDCTTIHYNYMCNSSCMGGMNRRPILTIITLEDSSGNLLGRNSFEVRVCACPGRDRRTEEENLRKKGEPHHELPPGSTKRALPNNTSSSPQPKKKPLDGEYFTLQIRGRERFEMFRELNEALELKDAQAGKEPGGSRAHSSHLKSKKGQSTSRHKKLMFKTEGPDSD,P04637
sdAb_1737_Sy,NB_26_AG_8,N8-4,Synthetic Construct,AG_8,Tumor protein p53 N-terminal transcription-activation domain,QVQLQESGGGLVQAGGSLRLSCAASGRTFSDYAMGWFRQAPGKEREFVAAINWSGGRTYYADSVKGRFAISRDNAKNTVYLQMNSLKPEDTAVYYCAARRGGGSGSYWGQGTQVTVSS,MEEPQSDPSVEPPLSQETFSDLWKLLPENNVLSPLPSQAMDDLMLSPDDIEQWFTEDPGPDEAPRMPEAAPPVAPAPAAPTPAAPAPAPSWPLSSSVPSQKTYQGSYGFRLGFLHSGTAKSVTCTYSPALNKMFCQLAKTCPVQLWVDSTPPPGTRVRAMAIYKQSQHMTEVVRRCPHHERCSDSDGLAPPQHLIRVEGNLRVEYLDDRNTFRHSVVVPYEPPEVGSDCTTIHYNYMCNSSCMGGMNRRPILTIITLEDSSGNLLGRNSFEVRVCACPGRDRRTEEENLRKKGEPHHELPPGSTKRALPNNTSSSPQPKKKPLDGEYFTLQIRGRERFEMFRELNEALELKDAQAGKEPGGSRAHSSHLKSKKGQSTSRHKKLMFKTEGPDSD,P04637
sdAb_3140_Sy,NB_27_AG_8,N8-8,Synthetic Construct,AG_8,Tumor protein p53 N-terminal transcription-activation domain,QVQLQESGGGLVQPGGSLSLSCAASGFPFSSYTMGWYRQAPGSERELVAAVSRGGSTYYIDSVKGRFAISRDNDRNTLYLQMNDLKPEDTGVYQCRQGSTLGQGTQVTVSS,MEEPQSDPSVEPPLSQETFSDLWKLLPENNVLSPLPSQAMDDLMLSPDDIEQWFTEDPGPDEAPRMPEAAPPVAPAPAAPTPAAPAPAPSWPLSSSVPSQKTYQGSYGFRLGFLHSGTAKSVTCTYSPALNKMFCQLAKTCPVQLWVDSTPPPGTRVRAMAIYKQSQHMTEVVRRCPHHERCSDSDGLAPPQHLIRVEGNLRVEYLDDRNTFRHSVVVPYEPPEVGSDCTTIHYNYMCNSSCMGGMNRRPILTIITLEDSSGNLLGRNSFEVRVCACPGRDRRTEEENLRKKGEPHHELPPGSTKRALPNNTSSSPQPKKKPLDGEYFTLQIRGRERFEMFRELNEALELKDAQAGKEPGGSRAHSSHLKSKKGQSTSRHKKLMFKTEGPDSD,P04637
sdAb_3258_Sy,NB_28_AG_8,N8-6,Synthetic Construct,AG_8,Tumor protein p53 N-terminal transcription-activation domain,QVQLQESGGGLVQPGGSLRLSCAASGSIFSINAMGWYRQAPGKERELVAAISSGGDRTYYADSVKGRFTISRSNTKNTLYLQMNDLKPEDTGVYQCRQGSTLGQGTQVTVSS,MEEPQSDPSVEPPLSQETFSDLWKLLPENNVLSPLPSQAMDDLMLSPDDIEQWFTEDPGPDEAPRMPEAAPPVAPAPAAPTPAAPAPAPSWPLSSSVPSQKTYQGSYGFRLGFLHSGTAKSVTCTYSPALNKMFCQLAKTCPVQLWVDSTPPPGTRVRAMAIYKQSQHMTEVVRRCPHHERCSDSDGLAPPQHLIRVEGNLRVEYLDDRNTFRHSVVVPYEPPEVGSDCTTIHYNYMCNSSCMGGMNRRPILTIITLEDSSGNLLGRNSFEVRVCACPGRDRRTEEENLRKKGEPHHELPPGSTKRALPNNTSSSPQPKKKPLDGEYFTLQIRGRERFEMFRELNEALELKDAQAGKEPGGSRAHSSHLKSKKGQSTSRHKKLMFKTEGPDSD,P04637
sdAb_3756_Sy,NB_29_AG_8,N8-2,Synthetic Construct,AG_8,Tumor protein p53 N-terminal transcription-activation domain,QVQLQESGGGLVQPGGSLRLSCAASGIIFSDRAVGWYRQAAGKQRELVAAATSGGNIKYADFVKGRFTISRDDAKNTVYLQMNSLKPEDTAVYYCRVGRHIRQYGYDYWGAGTQVTVSS,MEEPQSDPSVEPPLSQETFSDLWKLLPENNVLSPLPSQAMDDLMLSPDDIEQWFTEDPGPDEAPRMPEAAPPVAPAPAAPTPAAPAPAPSWPLSSSVPSQKTYQGSYGFRLGFLHSGTAKSVTCTYSPALNKMFCQLAKTCPVQLWVDSTPPPGTRVRAMAIYKQSQHMTEVVRRCPHHERCSDSDGLAPPQHLIRVEGNLRVEYLDDRNTFRHSVVVPYEPPEVGSDCTTIHYNYMCNSSCMGGMNRRPILTIITLEDSSGNLLGRNSFEVRVCACPGRDRRTEEENLRKKGEPHHELPPGSTKRALPNNTSSSPQPKKKPLDGEYFTLQIRGRERFEMFRELNEALELKDAQAGKEPGGSRAHSSHLKSKKGQSTSRHKKLMFKTEGPDSD,P04637
sdAb_3846_Sy,NB_30_AG_8,N8-11,Synthetic Construct,AG_8,Tumor protein p53 N-terminal transcription-activation domain,QVQLQESGGGLVQPGGSLRLSCAASGSISGINAMGWYRQAPGKERELVAAIDTVGSTYHAEAVKGRFTVSRDNAKNTVYLQMNSLKPEDTGVYQCRQGSTLGQGTQVTVSS,MEEPQSDPSVEPPLSQETFSDLWKLLPENNVLSPLPSQAMDDLMLSPDDIEQWFTEDPGPDEAPRMPEAAPPVAPAPAAPTPAAPAPAPSWPLSSSVPSQKTYQGSYGFRLGFLHSGTAKSVTCTYSPALNKMFCQLAKTCPVQLWVDSTPPPGTRVRAMAIYKQSQHMTEVVRRCPHHERCSDSDGLAPPQHLIRVEGNLRVEYLDDRNTFRHSVVVPYEPPEVGSDCTTIHYNYMCNSSCMGGMNRRPILTIITLEDSSGNLLGRNSFEVRVCACPGRDRRTEEENLRKKGEPHHELPPGSTKRALPNNTSSSPQPKKKPLDGEYFTLQIRGRERFEMFRELNEALELKDAQAGKEPGGSRAHSSHLKSKKGQSTSRHKKLMFKTEGPDSD,P04637
sdAb_4840_Sy,NB_31_AG_8,N8-3,Synthetic Construct,AG_8,Tumor protein p53 N-terminal transcription-activation domain,QVQLQESGGGLVQAGGSLRLSCAASGRTFSSYVMGWFRQAPGKERESVAAISWSGGSTYYADSVKGRFTISRDNAKNTLYLQMNSLKPEDTAMYHCAALTGYSDYAPIGQGTQVTVSS,MEEPQSDPSVEPPLSQETFSDLWKLLPENNVLSPLPSQAMDDLMLSPDDIEQWFTEDPGPDEAPRMPEAAPPVAPAPAAPTPAAPAPAPSWPLSSSVPSQKTYQGSYGFRLGFLHSGTAKSVTCTYSPALNKMFCQLAKTCPVQLWVDSTPPPGTRVRAMAIYKQSQHMTEVVRRCPHHERCSDSDGLAPPQHLIRVEGNLRVEYLDDRNTFRHSVVVPYEPPEVGSDCTTIHYNYMCNSSCMGGMNRRPILTIITLEDSSGNLLGRNSFEVRVCACPGRDRRTEEENLRKKGEPHHELPPGSTKRALPNNTSSSPQPKKKPLDGEYFTLQIRGRERFEMFRELNEALELKDAQAGKEPGGSRAHSSHLKSKKGQSTSRHKKLMFKTEGPDSD,P04637
sdAb_5540_Sy,NB_32_AG_8,N8-5,Synthetic Construct,AG_8,Tumor protein p53 N-terminal transcription-activation domain,QVQLQESGGGLVQAGGSLRLSCAASGRAVSMYNMGWFRQAPGKEREFVAVISTASTYYVDSVKGRFTISRDYAKNAVYLQMNSLKPEDTAVYYCAATLKTYRWPPTTYDYWGRGTQVTVSS,MEEPQSDPSVEPPLSQETFSDLWKLLPENNVLSPLPSQAMDDLMLSPDDIEQWFTEDPGPDEAPRMPEAAPPVAPAPAAPTPAAPAPAPSWPLSSSVPSQKTYQGSYGFRLGFLHSGTAKSVTCTYSPALNKMFCQLAKTCPVQLWVDSTPPPGTRVRAMAIYKQSQHMTEVVRRCPHHERCSDSDGLAPPQHLIRVEGNLRVEYLDDRNTFRHSVVVPYEPPEVGSDCTTIHYNYMCNSSCMGGMNRRPILTIITLEDSSGNLLGRNSFEVRVCACPGRDRRTEEENLRKKGEPHHELPPGSTKRALPNNTSSSPQPKKKPLDGEYFTLQIRGRERFEMFRELNEALELKDAQAGKEPGGSRAHSSHLKSKKGQSTSRHKKLMFKTEGPDSD,P04637
sdAb_6234_Sy,NB_33_AG_8,N8-12,Synthetic Construct,AG_8,Tumor protein p53 N-terminal transcription-activation domain,QVQLQESGGGSVQPGGSLRLSCAASGSIFSINAGGWYRQAPGKERELVAAISSDGRIYYADSVKGRFTISRDNAKNTLYLQMDSLKPEDTAVYFCRRGFSGIEHWPTPGQGTQVTVSS,MEEPQSDPSVEPPLSQETFSDLWKLLPENNVLSPLPSQAMDDLMLSPDDIEQWFTEDPGPDEAPRMPEAAPPVAPAPAAPTPAAPAPAPSWPLSSSVPSQKTYQGSYGFRLGFLHSGTAKSVTCTYSPALNKMFCQLAKTCPVQLWVDSTPPPGTRVRAMAIYKQSQHMTEVVRRCPHHERCSDSDGLAPPQHLIRVEGNLRVEYLDDRNTFRHSVVVPYEPPEVGSDCTTIHYNYMCNSSCMGGMNRRPILTIITLEDSSGNLLGRNSFEVRVCACPGRDRRTEEENLRKKGEPHHELPPGSTKRALPNNTSSSPQPKKKPLDGEYFTLQIRGRERFEMFRELNEALELKDAQAGKEPGGSRAHSSHLKSKKGQSTSRHKKLMFKTEGPDSD,P04637
sdAb_9162_Sy,NB_34_AG_8,N8-15,Synthetic Construct,AG_8,Tumor protein p53 N-terminal transcription-activation domain,QVQLQESGGGLVHRGESLRLSCKASEWIFTTKAMGWYRQAPGEKRDLVAAMHVGGTTYYADVVKGRFTISKDTAKSTLYLQMDDLRPEDTAVYYCRSAGRGGDYWGQGTQVTVSS,MEEPQSDPSVEPPLSQETFSDLWKLLPENNVLSPLPSQAMDDLMLSPDDIEQWFTEDPGPDEAPRMPEAAPPVAPAPAAPTPAAPAPAPSWPLSSSVPSQKTYQGSYGFRLGFLHSGTAKSVTCTYSPALNKMFCQLAKTCPVQLWVDSTPPPGTRVRAMAIYKQSQHMTEVVRRCPHHERCSDSDGLAPPQHLIRVEGNLRVEYLDDRNTFRHSVVVPYEPPEVGSDCTTIHYNYMCNSSCMGGMNRRPILTIITLEDSSGNLLGRNSFEVRVCACPGRDRRTEEENLRKKGEPHHELPPGSTKRALPNNTSSSPQPKKKPLDGEYFTLQIRGRERFEMFRELNEALELKDAQAGKEPGGSRAHSSHLKSKKGQSTSRHKKLMFKTEGPDSD,P04637
sdAb_9422_Sy,NB_35_AG_8,N8-1,Synthetic Construct,AG_8,Tumor protein p53 N-terminal transcription-activation domain,QVQLQESGGGSVRPGESLRLSCIAAGTLFSGKAVGWYRQAPGKDRELVAALSSGRETYYIGPVKGRFIISRDDNKDTLYLQMNNLKLEDTAIYTCRLGLHWGQGTQVTVSS,MEEPQSDPSVEPPLSQETFSDLWKLLPENNVLSPLPSQAMDDLMLSPDDIEQWFTEDPGPDEAPRMPEAAPPVAPAPAAPTPAAPAPAPSWPLSSSVPSQKTYQGSYGFRLGFLHSGTAKSVTCTYSPALNKMFCQLAKTCPVQLWVDSTPPPGTRVRAMAIYKQSQHMTEVVRRCPHHERCSDSDGLAPPQHLIRVEGNLRVEYLDDRNTFRHSVVVPYEPPEVGSDCTTIHYNYMCNSSCMGGMNRRPILTIITLEDSSGNLLGRNSFEVRVCACPGRDRRTEEENLRKKGEPHHELPPGSTKRALPNNTSSSPQPKKKPLDGEYFTLQIRGRERFEMFRELNEALELKDAQAGKEPGGSRAHSSHLKSKKGQSTSRHKKLMFKTEGPDSD,P04637
sdAb_7417_Ca,NB_36_AG_9,2Rb17c,Camelid (Camelidae),AG_9,Receptor tyrosine-protein kinase erbB-2 (HER2),EVQLQESGGGLVQPGGSLRLSCAASGFIFSNDAMTWVRQAPGKGLEWVSSINWSGTHTNYADSVKGRFTISRDNAKRTLYLQMNSLKDEDTALYYCVTGYGVTKTPTGQGTQVTVSSHHHHHHSPSTPPTPSPSTPPC,MELAALCRWGLLLALLPPGAASTQVCTGTDMKLRLPASPETHLDMLRHLYQGCQVVQGNLELTYLPTNASLSFLQDIQEVQGYVLIAHNQVRQVPLQRLRIVRGTQLFEDNYALAVLDNGDPLNNTTPVTGASPGGLRELQLRSLTEILKGGVLIQRNPQLCYQDTILWKDIFHKNNQLALTLIDTNRSRACHPCSPMCKGSRCWGESSEDCQSLTRTVCAGGCARCKGPLPTDCCHEQCAAGCTGPKHSDCLACLHFNHSGICELHCPALVTYNTDTFESMPNPEGRYTFGASCVTACPYNYLSTDVGSCTLVCPLHNQEVTAEDGTQRCEKCSKPCARVCYGLGMEHLREVRAVTSANIQEFAGCKKIFGSLAFLPESFDGDPASNTAPLQPEQLQVFETLEEITGYLYISAWPDSLPDLSVFQNLQVIRGRILHNGAYSLTLQGLGISWLGLRSLRELGSGLALIHHNTHLCFVHTVPWDQLFRNPHQALLHTANRPEDECVGEGLACHQLCARGHCWGPGPTQCVNCSQFLRGQECVEECRVLQGLPREYVNARHCLPCHPECQPQNGSVTCFGPEADQCVACAHYKDPPFCVARCPSGVKPDLSYMPIWKFPDEEGACQPCPINCTHSCVDLDDKGCPAEQRASPLTSIISAVVGILLVVVLGVVFGILIKRRQQKIRKYTMRRLLQETELVEPLTPSGAMPNQAQMRILKETELRKVKVLGSGAFGTVYKGIWIPDGENVKIPVAIKVLRENTSPKANKEILDEAYVMAGVGSPYVSRLLGICLTSTVQLVTQLMPYGCLLDHVRENRGRLGSQDLLNWCMQIAKGMSYLEDVRLVHRDLAARNVLVKSPNHVKITDFGLARLLDIDETEYHADGGKVPIKWMALESILRRRFTHQSDVWSYGVTVWELMTFGAKPYDGIPAREIPDLLEKGERLPQPPICTIDVYMIMVKCWMIDSECRPRFRELVSEFSRMARDPQRFVVIQNEDLGPASPLDSTFYRSLLEDDDMGDLVDAEEYLVPQQGFFCPDPAPGAGGMVHHRHRSSSTRSGGGDLTLGLEPSEEEAPRSPLAPSEGAGSDVFDGDLGMGAAKGLQSLPTHDPSPLQRYSEDPTVPLPSETDGYVAPLTCSPQPEYVNQPDVRPQPPSPREGPLPAARPAGATLERPKTLSPGKNGVVKDVFAFGGAVENPEYLTPQGGAAPQPHPPPAFSPAFDNLYYWDQDPPERGAPPSTFKGTPTAENPEYLGLDVPV,P04626
sdAb_0207_Vp,NB_37_AG_10,H8/E9,Alpaca (Vicugna pacos),AG_10,glial fibrillary acidic protein (GFAP),EVQLQVSGGGSVQPGGSLRLSCAASGFTFSNYAMYWLRQAPGKGIEWVSRIGPGGSHTEYADSVKGRFTISRDNAKNTLSLQMNSLKPEDTAVYYCAITQQGSGRGQGTQVTVSS,MERRRITSAARRSYVSSGEMMVGGLAPGRRLGPGTRLSLARMPPPLPTRVDFSLAGALNAGFKETRASERAEMMELNDRFASYIEKVRFLEQQNKALAAELNQLRAKEPTKLADVYQAELRELRLRLDQLTANSARLEVERDNLAQDLATVRQKLQDETNLRLEAENNLAAYRQEADEATLARLDLERKIESLEEEIRFLRKIHEEEVRELQEQLARQQVHVELDVAKPDLTAALKEIRTQYEAMASSNMHEAEEWYRSKFADLTDAAARNAELLRQAKHEANDYRRQLQSLTCDLESLRGTNESLERQMREQEERHVREAASYQEALARLEEEGQSLKDEMARHLQEYQDLLNVKLALDIEIATYRKLLEGEENRITIPVQTFSNLQIRETSLDTKSVSEGHLKRNIVVKTVEMRDGEVIKESKQEHKDVM,P14136
sdAb_3254_Vp,NB_38_AG_10,A10,Alpaca (Vicugna pacos),AG_10,glial fibrillary acidic protein (GFAP),EVQLRVSGGGLVQPGGSLRLSCAASGFTFSNYAMYWLRQAPGKGIEWVSRIGPGGSHTEYADSVKGRFTISRDNAKNTLSLQMNSLKPEDTAAYYCAITQQGSGRGQGTQVTVSS,MERRRITSAARRSYVSSGEMMVGGLAPGRRLGPGTRLSLARMPPPLPTRVDFSLAGALNAGFKETRASERAEMMELNDRFASYIEKVRFLEQQNKALAAELNQLRAKEPTKLADVYQAELRELRLRLDQLTANSARLEVERDNLAQDLATVRQKLQDETNLRLEAENNLAAYRQEADEATLARLDLERKIESLEEEIRFLRKIHEEEVRELQEQLARQQVHVELDVAKPDLTAALKEIRTQYEAMASSNMHEAEEWYRSKFADLTDAAARNAELLRQAKHEANDYRRQLQSLTCDLESLRGTNESLERQMREQEERHVREAASYQEALARLEEEGQSLKDEMARHLQEYQDLLNVKLALDIEIATYRKLLEGEENRITIPVQTFSNLQIRETSLDTKSVSEGHLKRNIVVKTVEMRDGEVIKESKQEHKDVM,P14136
sdAb_5857_Vp,NB_39_AG_10,E3,Alpaca (Vicugna pacos),AG_10,glial fibrillary acidic protein (GFAP),EVQLQVSGGGSVQPGGSLRLSCAAPGFTFSNYAMYWLRQAPGKGIEWVSRIGPGGSHTEYADSVKGRFTISRDNAKNTLSLQMNSLKPEDTAAYYCAITQQGSGRGQGTQVTVSS,MERRRITSAARRSYVSSGEMMVGGLAPGRRLGPGTRLSLARMPPPLPTRVDFSLAGALNAGFKETRASERAEMMELNDRFASYIEKVRFLEQQNKALAAELNQLRAKEPTKLADVYQAELRELRLRLDQLTANSARLEVERDNLAQDLATVRQKLQDETNLRLEAENNLAAYRQEADEATLARLDLERKIESLEEEIRFLRKIHEEEVRELQEQLARQQVHVELDVAKPDLTAALKEIRTQYEAMASSNMHEAEEWYRSKFADLTDAAARNAELLRQAKHEANDYRRQLQSLTCDLESLRGTNESLERQMREQEERHVREAASYQEALARLEEEGQSLKDEMARHLQEYQDLLNVKLALDIEIATYRKLLEGEENRITIPVQTFSNLQIRETSLDTKSVSEGHLKRNIVVKTVEMRDGEVIKESKQEHKDVM,P14136
sdAb_8222_Vp,NB_40_AG_10,B7,Alpaca (Vicugna pacos),AG_10,glial fibrillary acidic protein (GFAP),EVQLQASGGGLVEPGGSLRLSCAASGFTFSNYAMYWLRQAPGKGIEWVSRIGPGGSHTEYADSVKGRFTISRDNAKNTLSLQMNSLKPADTAVYYCAITQQGSGRGQGTQVTVSS,MERRRITSAARRSYVSSGEMMVGGLAPGRRLGPGTRLSLARMPPPLPTRVDFSLAGALNAGFKETRASERAEMMELNDRFASYIEKVRFLEQQNKALAAELNQLRAKEPTKLADVYQAELRELRLRLDQLTANSARLEVERDNLAQDLATVRQKLQDETNLRLEAENNLAAYRQEADEATLARLDLERKIESLEEEIRFLRKIHEEEVRELQEQLARQQVHVELDVAKPDLTAALKEIRTQYEAMASSNMHEAEEWYRSKFADLTDAAARNAELLRQAKHEANDYRRQLQSLTCDLESLRGTNESLERQMREQEERHVREAASYQEALARLEEEGQSLKDEMARHLQEYQDLLNVKLALDIEIATYRKLLEGEENRITIPVQTFSNLQIRETSLDTKSVSEGHLKRNIVVKTVEMRDGEVIKESKQEHKDVM,P14136
sdAb_9402_Vp,NB_41_AG_10,G11,Alpaca (Vicugna pacos),AG_10,glial fibrillary acidic protein (GFAP),EVELQVSGGGSVQPGGSLRLSCAASGFTFSNYAMYWLRQAPGKGIEWVSRIGPGGSHTEYADSVKGRFTISRDNAKNTLSLQMNSLKPEDTAVYYCAITQQGSGRGQGTQVTVSS,MERRRITSAARRSYVSSGEMMVGGLAPGRRLGPGTRLSLARMPPPLPTRVDFSLAGALNAGFKETRASERAEMMELNDRFASYIEKVRFLEQQNKALAAELNQLRAKEPTKLADVYQAELRELRLRLDQLTANSARLEVERDNLAQDLATVRQKLQDETNLRLEAENNLAAYRQEADEATLARLDLERKIESLEEEIRFLRKIHEEEVRELQEQLARQQVHVELDVAKPDLTAALKEIRTQYEAMASSNMHEAEEWYRSKFADLTDAAARNAELLRQAKHEANDYRRQLQSLTCDLESLRGTNESLERQMREQEERHVREAASYQEALARLEEEGQSLKDEMARHLQEYQDLLNVKLALDIEIATYRKLLEGEENRITIPVQTFSNLQIRETSLDTKSVSEGHLKRNIVVKTVEMRDGEVIKESKQEHKDVM,P14136
sdAb_6716_Vp,NB_42_AG_11,TP377,Alpaca (Vicugna pacos),AG_11,Xenopus nucleoporin 98kDa (Nup98),GSQVQLVESGGGPVEAGGSLRLSCAASGRSFSNSVMAWFRQAPGKEREFLSVLNWSSGRTSIADSVKGRFTMSRDPAKITVYLQMNGLKPEDTAVYYCAASNRGSLYTLDNQNRYEDWGQGTQVTVSS,MFNKSFGTPFGGSTGGFGTTSTFGQNTGFGTTSGGAFGTSAFGSSNNTGGLFGNSQTKPGGLFGTSSFSQPATSTSTGFGFGTSTGTSNSLFGTASTGTSLFSSQNNAFAQNKPTGFGNFGTSTSSGGLFGTTNTTSNPFGSTSGSLFGPSSFTAAPTGTTIKFNPPTGTDTMVKAGVSTNISTKHQCITAMKEYESKSLEELRLEDYQANRKGPQNQVGGGTTAGLFGSSPATSSATGLFSSSTTNSAFSYGQNKTAFGTSTTGFGTNPGGLFGQQNQQTTSLFSKPFGQATTTPNTGFSFGNTSTLGQPSTNTMGLFGVTQASQPGGLFGTATNTSTGTAFGTGTGLFGQPNTGFGAVGSTLFGNNKLTTFGTSTTSAPSFGTTSGGLFGNKPTLTLGTNTNTSNFGFGTNNSGSSIFGSKPAAGTLGTGLGTGFGTALGAGQASLFGNNQPKIGGPLGTGAFGAPGFNTSTAILGFGAPQAPVALTDPNASAAQQAVLQQHLNSLTYSPFGDSPLFRNPMSDPKKKEERLKPTNPAAQKALTTPTHYKLTPRPATRVRPKALQTTGTAKSHLFDGLDDDEPSLANGAFMPKKSIKKLVLKNLNNSNLFSPVNHDSEDLASPSEYPENGERFSFLSKPVDENNQQDGEDDSLVSRFYTNPIAKPIPQTPESVGNKNNSSSNVEDTIVALNMRAALRNGLEGSSEETSFHDESLQDDREEIENNAYHIHPAGIVLTKVGYYTIPSMDDLAKITNEKGECIVSDFTIGRKGYGSIYFEGDVNLTNLNLDDIVHIRRKEVIVYVDDNQKPPVGEGLNRKAEVTLDGVWPTDKTSRCLIKSPDRLADINYEGRLEAVSRKQGAQFKEYRPETGSWVFKVSHFSKYGLQDSDEEEEEHPPKTTSKKLKTAPLPPAGQATTFQMTLNGKPAPPPQSQSPEVEQLGRVVELDSDMVDITQEPVPDSVLEESVPEDQEPVSASTHIASSLGINPHVLQIMKASLLVDEEDVDAMDQRFGHIPSKGETVQEICSPRLPISASHSSKSRSIVGGLLQSKFASGTFLSPSASVQECRTPRTSSRMNIPSTSPWSVPLPLATVFTVPSPAPEVQLKTVGIRRQPGLVPLEKSITYGKGKLLMDMALFMGRSFRVGWGPNWTLANSGEQLHGSHELENHQVADSMEYGFLPNPVAVKSLSESPFKVHLEKLGLRQRKLDEDLQLYQTPLELKLKHSTVHVDELCPLIVPNPGVSVIHDYADWVKDSPGDFLELPIVKHWSLTWTLCEALWGHLKELDGQLDEPSEYIQTLERRRAFSRWLSHTAAPQIEEEVSLTRRDSPVEAVFSYLTGSRISGACCLAQQSGDHRLALLLSQLVGSQSVRELLTMQLADWHQLQADSFIHDERLRIFALLAGKPVWQLSEQKQINVCSQLDWKRTLAIHLWYLLPPTASISRALSMYEEAFQNTPEGDKYACSPLPSYLEGCGCMVEEEKDSRRPLQDVCFHLLKLYSDRHYELNQLLEPRSITADPLDYRLSWHLWEVLRALNYTHLSEQCEGVLQASYAGQLESEGLWEWAIFVFLHIDNSGMREKAVRELLTRHCQLSETPESWAKEAFLTQKLCVPAEWIHEAKAVRAHMESNKHLEALYLFKAGHWNRCHKLVIRHLASDAIINENYDYLKGFLEDLAPPERSSLIQDWETSGLVYLDYIRVIEMLHRIQQVDCSGYELEHLHTKVTSLCNRIEQIPCYNAKDRLAQSDMAKRVANLLRVVLSLQHAPDATSNSTPDPQRVPLRLLAPHIGRLPMPEDYALEELRGLTQSYLRELTVGSQ,Q6PFD9
sdAb_1143_Lg,NB_43_AG_11,NbP1,Llama (Lama glama),AG_11,Xenopus EP45/Seryp (serine protease inhibitor),VQLVESGGGLVQAGGSLRLSCAVSGSILSFVAMGWSRQGPGKQREYVASITSSGNTNIADSVKGRFTISRDNAKNTLYLQMNSLKPEDTGVYYCTAWRSFADSRLASGQGTQVTVSSAAALE,MHLLVYLSLFFALALASVTEISLDNKHRHRHEQQGHHDSAKHGHQKDKQQQEQIKNDEGKLTKEEKILSEENSDFSVNLFNQLSTESKRSPRKNIFFSPISISAAFYMLALGAKSETHQQILKGLSFNKKKLSESQVHEAFKRLIEDSNNPMKAHQFTIGNALFVEQTVNILKGFEENVKHYYQAGVFPMNFKDPDNAKKQLNNYVKDKTHGVIQEMIRELDSNTEMVLVNYVLYKGEWANNFNPTLTQKSLFSVDKNTNVTVQMMNRLGLYRTYQDDDCKIIELPYKNDTAMLLVVPQLGKIQELVLTSKLINHWYESLATSIVDLYMPTFSISGKVVLKDTLRKMGISDIFTDKADLTGISEQIKLKVSMASHNAVLNVNEFGTEAVGATSAQASPTKLFPPFLIDSPFLVMIYSRTLGSQLFMGKVMDPTNAQ,Q00387
sdAb_0863_Lg,NB_44_AG_12,Nb3,Llama (Lama glama),AG_12,Vesicular glutamate transporter (VGLUT),QVQLQESGGGLVQAGDSLRLSCAASGNAFILYGMAWYRQPPGKAREFVAGITWSGGNPHYAASVKGRFTISRDNAKNTVYLQMDSLKSDDTAVYYCAANPSPRGSHNDYWGQGTQVTVSS,MKGLTAFKEKATGVFGGLKPNMEKFEISQSYHGGHGGYEEMEGGDREGRGPGGGHAYDDDDDRPDSPASFEEIERPPLRKIDKYCKAECPCMPARYTIATMACVGFMIAFGMRCNMSAAKLKGEHNGTVFMNWTVAVESHVDSSFFWGYLVTQIPGGFIASKFPANKIFGLSIVSSATLHLFVPFAMTLMHGHVVICVRVLQGLFEGVTYPACHGIWRFWAPPMERSRLATLAFSGSYAGVVVGLPLSGLLADAVGYQAPFYAYGVFGIIWYMFWIWLCFENPRKHPAISIPELKYIEKSLGESAHPTMPSLKTTPWREMMRSMPVYAIIVANFCRSWNFYLLVLFQSSFLKHKFGFKVEEAGFVGSLPHLIMTTIVPFGGMLADHLRKNGILSTTNVRKLFNCGGFGMEGLFFLFVAHSSTATGAMFALTCGVAFSGFAISGYNVNHLDIAPRYASILMGLSNGIGTLAGIIVPYALDGLIQANPTGCWTTVFTLAACVHLVGCTFYGIFASGELQPWAEPPAEEQKVWAPPPGAITNTDPSQAGMLGDYMKETSFGAPEYTEQSQMQQSTAISYGATGHVANNPFAMASGAPPIAEEDAPPTYGDVTNPGQYGYTQGQMPSYDPQGYQQQ,Q9VQC0
sdAb_1590_Lg,NB_45_AG_12,Nb10,Llama (Lama glama),AG_12,Vesicular glutamate transporter (VGLUT),QVQLQESGGGLVQVGDSLRLSCAASGRTFSTYGMGWFRQAPGKEREFVAAVSWRSGNTYYADSVKGRFTISRDNAKTAVFLQMNSLKPEDTAVYYCAANPTGSYGATGSRYNYWGQGTQVTVSS,MKGLTAFKEKATGVFGGLKPNMEKFEISQSYHGGHGGYEEMEGGDREGRGPGGGHAYDDDDDRPDSPASFEEIERPPLRKIDKYCKAECPCMPARYTIATMACVGFMIAFGMRCNMSAAKLKGEHNGTVFMNWTVAVESHVDSSFFWGYLVTQIPGGFIASKFPANKIFGLSIVSSATLHLFVPFAMTLMHGHVVICVRVLQGLFEGVTYPACHGIWRFWAPPMERSRLATLAFSGSYAGVVVGLPLSGLLADAVGYQAPFYAYGVFGIIWYMFWIWLCFENPRKHPAISIPELKYIEKSLGESAHPTMPSLKTTPWREMMRSMPVYAIIVANFCRSWNFYLLVLFQSSFLKHKFGFKVEEAGFVGSLPHLIMTTIVPFGGMLADHLRKNGILSTTNVRKLFNCGGFGMEGLFFLFVAHSSTATGAMFALTCGVAFSGFAISGYNVNHLDIAPRYASILMGLSNGIGTLAGIIVPYALDGLIQANPTGCWTTVFTLAACVHLVGCTFYGIFASGELQPWAEPPAEEQKVWAPPPGAITNTDPSQAGMLGDYMKETSFGAPEYTEQSQMQQSTAISYGATGHVANNPFAMASGAPPIAEEDAPPTYGDVTNPGQYGYTQGQMPSYDPQGYQQQ,Q9VQC0
sdAb_2241_Lg,NB_46_AG_12,Nb8,Llama (Lama glama),AG_12,Vesicular glutamate transporter (VGLUT),QVQLQESGGGLVQPGGSLRLSCAASNSHFSINTMGWYRQAPGKQRELVAAITSGGSTNYTDSVKGRFTISRDNAKNTVYLQMNSLEPEDTAVYYCNADGWDPLYNSYWGQGTQVTVSS,MKGLTAFKEKATGVFGGLKPNMEKFEISQSYHGGHGGYEEMEGGDREGRGPGGGHAYDDDDDRPDSPASFEEIERPPLRKIDKYCKAECPCMPARYTIATMACVGFMIAFGMRCNMSAAKLKGEHNGTVFMNWTVAVESHVDSSFFWGYLVTQIPGGFIASKFPANKIFGLSIVSSATLHLFVPFAMTLMHGHVVICVRVLQGLFEGVTYPACHGIWRFWAPPMERSRLATLAFSGSYAGVVVGLPLSGLLADAVGYQAPFYAYGVFGIIWYMFWIWLCFENPRKHPAISIPELKYIEKSLGESAHPTMPSLKTTPWREMMRSMPVYAIIVANFCRSWNFYLLVLFQSSFLKHKFGFKVEEAGFVGSLPHLIMTTIVPFGGMLADHLRKNGILSTTNVRKLFNCGGFGMEGLFFLFVAHSSTATGAMFALTCGVAFSGFAISGYNVNHLDIAPRYASILMGLSNGIGTLAGIIVPYALDGLIQANPTGCWTTVFTLAACVHLVGCTFYGIFASGELQPWAEPPAEEQKVWAPPPGAITNTDPSQAGMLGDYMKETSFGAPEYTEQSQMQQSTAISYGATGHVANNPFAMASGAPPIAEEDAPPTYGDVTNPGQYGYTQGQMPSYDPQGYQQQ,Q9VQC0
sdAb_2269_Lg,NB_47_AG_12,Nb5,Llama (Lama glama),AG_12,Vesicular glutamate transporter (VGLUT),QVQLQESGGGLVQPGGSLRLSCTVSGINFDTTYMYWVRQAPGKGLEWVSGIAPSGYTQKYADFVKGRFTISRDSAKNTLYLQMNSLQPEDTAVYYCAKDRAGDSRGQGTQVTVSS,MKGLTAFKEKATGVFGGLKPNMEKFEISQSYHGGHGGYEEMEGGDREGRGPGGGHAYDDDDDRPDSPASFEEIERPPLRKIDKYCKAECPCMPARYTIATMACVGFMIAFGMRCNMSAAKLKGEHNGTVFMNWTVAVESHVDSSFFWGYLVTQIPGGFIASKFPANKIFGLSIVSSATLHLFVPFAMTLMHGHVVICVRVLQGLFEGVTYPACHGIWRFWAPPMERSRLATLAFSGSYAGVVVGLPLSGLLADAVGYQAPFYAYGVFGIIWYMFWIWLCFENPRKHPAISIPELKYIEKSLGESAHPTMPSLKTTPWREMMRSMPVYAIIVANFCRSWNFYLLVLFQSSFLKHKFGFKVEEAGFVGSLPHLIMTTIVPFGGMLADHLRKNGILSTTNVRKLFNCGGFGMEGLFFLFVAHSSTATGAMFALTCGVAFSGFAISGYNVNHLDIAPRYASILMGLSNGIGTLAGIIVPYALDGLIQANPTGCWTTVFTLAACVHLVGCTFYGIFASGELQPWAEPPAEEQKVWAPPPGAITNTDPSQAGMLGDYMKETSFGAPEYTEQSQMQQSTAISYGATGHVANNPFAMASGAPPIAEEDAPPTYGDVTNPGQYGYTQGQMPSYDPQGYQQQ,Q9VQC0
sdAb_2314_Lg,NB_48_AG_12,Nb2,Llama (Lama glama),AG_12,Vesicular glutamate transporter (VGLUT),QVQLQESGGGLVQPGGSLRLSCVASGSFLDYYGIGWFRQAPGKEREGVAYRRDSDDSTYYADSVAGRFTIYRDSATNTVYLQMDNLRPEDTAVYSCAATLRVGNSWRDESLYDYWGQGTQVTVSS,MKGLTAFKEKATGVFGGLKPNMEKFEISQSYHGGHGGYEEMEGGDREGRGPGGGHAYDDDDDRPDSPASFEEIERPPLRKIDKYCKAECPCMPARYTIATMACVGFMIAFGMRCNMSAAKLKGEHNGTVFMNWTVAVESHVDSSFFWGYLVTQIPGGFIASKFPANKIFGLSIVSSATLHLFVPFAMTLMHGHVVICVRVLQGLFEGVTYPACHGIWRFWAPPMERSRLATLAFSGSYAGVVVGLPLSGLLADAVGYQAPFYAYGVFGIIWYMFWIWLCFENPRKHPAISIPELKYIEKSLGESAHPTMPSLKTTPWREMMRSMPVYAIIVANFCRSWNFYLLVLFQSSFLKHKFGFKVEEAGFVGSLPHLIMTTIVPFGGMLADHLRKNGILSTTNVRKLFNCGGFGMEGLFFLFVAHSSTATGAMFALTCGVAFSGFAISGYNVNHLDIAPRYASILMGLSNGIGTLAGIIVPYALDGLIQANPTGCWTTVFTLAACVHLVGCTFYGIFASGELQPWAEPPAEEQKVWAPPPGAITNTDPSQAGMLGDYMKETSFGAPEYTEQSQMQQSTAISYGATGHVANNPFAMASGAPPIAEEDAPPTYGDVTNPGQYGYTQGQMPSYDPQGYQQQ,Q9VQC0
sdAb_2462_Lg,NB_49_AG_12,Nb6,Llama (Lama glama),AG_12,Vesicular glutamate transporter (VGLUT),QVQLQESGGGLVQAGDSLRLSCAASGRTFSTTGMGWFRQAPGKEREFVAAVSWRSGNTYYADSVKGRFTISRDNAKTTVFLQMNSLKPEDTAVYYCAANPTGSYGAATSRYNYWGQGTQVTVSS,MKGLTAFKEKATGVFGGLKPNMEKFEISQSYHGGHGGYEEMEGGDREGRGPGGGHAYDDDDDRPDSPASFEEIERPPLRKIDKYCKAECPCMPARYTIATMACVGFMIAFGMRCNMSAAKLKGEHNGTVFMNWTVAVESHVDSSFFWGYLVTQIPGGFIASKFPANKIFGLSIVSSATLHLFVPFAMTLMHGHVVICVRVLQGLFEGVTYPACHGIWRFWAPPMERSRLATLAFSGSYAGVVVGLPLSGLLADAVGYQAPFYAYGVFGIIWYMFWIWLCFENPRKHPAISIPELKYIEKSLGESAHPTMPSLKTTPWREMMRSMPVYAIIVANFCRSWNFYLLVLFQSSFLKHKFGFKVEEAGFVGSLPHLIMTTIVPFGGMLADHLRKNGILSTTNVRKLFNCGGFGMEGLFFLFVAHSSTATGAMFALTCGVAFSGFAISGYNVNHLDIAPRYASILMGLSNGIGTLAGIIVPYALDGLIQANPTGCWTTVFTLAACVHLVGCTFYGIFASGELQPWAEPPAEEQKVWAPPPGAITNTDPSQAGMLGDYMKETSFGAPEYTEQSQMQQSTAISYGATGHVANNPFAMASGAPPIAEEDAPPTYGDVTNPGQYGYTQGQMPSYDPQGYQQQ,Q9VQC0
sdAb_2736_Lg,NB_50_AG_12,Nb9,Llama (Lama glama),AG_12,Vesicular glutamate transporter (VGLUT),QVQLQESGGGLVQAGDSLRLSCAASGRTWSIYGMGWFRQAPGKEREFVAGITWRGGNTHYADFVKGRFTISRDNVKNTVYLQMNSLKPEDTAVYYCAANPNPSGSSVYRRNDYWGQGTQVTVSS,MKGLTAFKEKATGVFGGLKPNMEKFEISQSYHGGHGGYEEMEGGDREGRGPGGGHAYDDDDDRPDSPASFEEIERPPLRKIDKYCKAECPCMPARYTIATMACVGFMIAFGMRCNMSAAKLKGEHNGTVFMNWTVAVESHVDSSFFWGYLVTQIPGGFIASKFPANKIFGLSIVSSATLHLFVPFAMTLMHGHVVICVRVLQGLFEGVTYPACHGIWRFWAPPMERSRLATLAFSGSYAGVVVGLPLSGLLADAVGYQAPFYAYGVFGIIWYMFWIWLCFENPRKHPAISIPELKYIEKSLGESAHPTMPSLKTTPWREMMRSMPVYAIIVANFCRSWNFYLLVLFQSSFLKHKFGFKVEEAGFVGSLPHLIMTTIVPFGGMLADHLRKNGILSTTNVRKLFNCGGFGMEGLFFLFVAHSSTATGAMFALTCGVAFSGFAISGYNVNHLDIAPRYASILMGLSNGIGTLAGIIVPYALDGLIQANPTGCWTTVFTLAACVHLVGCTFYGIFASGELQPWAEPPAEEQKVWAPPPGAITNTDPSQAGMLGDYMKETSFGAPEYTEQSQMQQSTAISYGATGHVANNPFAMASGAPPIAEEDAPPTYGDVTNPGQYGYTQGQMPSYDPQGYQQQ,Q9VQC0
sdAb_2750_Lg,NB_51_AG_12,Nb4,Llama (Lama glama),AG_12,Vesicular glutamate transporter (VGLUT),QVQLQESGGGLVQAGGSLRLSCAASGRSVRTWSMGWFRQPPGKERELVAGISWSGSGTYHADSVKGRFTISRDNAKNMVYLQMNSLKPEDTAVYYCAAGQTGWNPGSDFHRWGKGTQVTVSS,MKGLTAFKEKATGVFGGLKPNMEKFEISQSYHGGHGGYEEMEGGDREGRGPGGGHAYDDDDDRPDSPASFEEIERPPLRKIDKYCKAECPCMPARYTIATMACVGFMIAFGMRCNMSAAKLKGEHNGTVFMNWTVAVESHVDSSFFWGYLVTQIPGGFIASKFPANKIFGLSIVSSATLHLFVPFAMTLMHGHVVICVRVLQGLFEGVTYPACHGIWRFWAPPMERSRLATLAFSGSYAGVVVGLPLSGLLADAVGYQAPFYAYGVFGIIWYMFWIWLCFENPRKHPAISIPELKYIEKSLGESAHPTMPSLKTTPWREMMRSMPVYAIIVANFCRSWNFYLLVLFQSSFLKHKFGFKVEEAGFVGSLPHLIMTTIVPFGGMLADHLRKNGILSTTNVRKLFNCGGFGMEGLFFLFVAHSSTATGAMFALTCGVAFSGFAISGYNVNHLDIAPRYASILMGLSNGIGTLAGIIVPYALDGLIQANPTGCWTTVFTLAACVHLVGCTFYGIFASGELQPWAEPPAEEQKVWAPPPGAITNTDPSQAGMLGDYMKETSFGAPEYTEQSQMQQSTAISYGATGHVANNPFAMASGAPPIAEEDAPPTYGDVTNPGQYGYTQGQMPSYDPQGYQQQ,Q9VQC0
sdAb_3198_Lg,NB_52_AG_12,Nb1,Llama (Lama glama),AG_12,Vesicular glutamate transporter (VGLUT),QVQLQESGGGLVQAGGSLRLSCVGSGSMSSINGMGWYRQAPGREREFLAAISWSGGSTYYAGSVKGRSTISRDLAKNTGYLEMTRVKPEDTAVYYCAASETGLPYEYDYWGQGTQVTVSS,MKGLTAFKEKATGVFGGLKPNMEKFEISQSYHGGHGGYEEMEGGDREGRGPGGGHAYDDDDDRPDSPASFEEIERPPLRKIDKYCKAECPCMPARYTIATMACVGFMIAFGMRCNMSAAKLKGEHNGTVFMNWTVAVESHVDSSFFWGYLVTQIPGGFIASKFPANKIFGLSIVSSATLHLFVPFAMTLMHGHVVICVRVLQGLFEGVTYPACHGIWRFWAPPMERSRLATLAFSGSYAGVVVGLPLSGLLADAVGYQAPFYAYGVFGIIWYMFWIWLCFENPRKHPAISIPELKYIEKSLGESAHPTMPSLKTTPWREMMRSMPVYAIIVANFCRSWNFYLLVLFQSSFLKHKFGFKVEEAGFVGSLPHLIMTTIVPFGGMLADHLRKNGILSTTNVRKLFNCGGFGMEGLFFLFVAHSSTATGAMFALTCGVAFSGFAISGYNVNHLDIAPRYASILMGLSNGIGTLAGIIVPYALDGLIQANPTGCWTTVFTLAACVHLVGCTFYGIFASGELQPWAEPPAEEQKVWAPPPGAITNTDPSQAGMLGDYMKETSFGAPEYTEQSQMQQSTAISYGATGHVANNPFAMASGAPPIAEEDAPPTYGDVTNPGQYGYTQGQMPSYDPQGYQQQ,Q9VQC0
sdAb_5161_Lg,NB_53_AG_12,Nb11,Llama (Lama glama),AG_12,Vesicular glutamate transporter (VGLUT),QVQLQESGGGSVQPGGSLRLSCAASGSGFSLNAVGWYRQSPGKERELVAELTRDGKSKYANSVKDRFAISLDSAKNTWYLEMNNMKPEDTAVYYCHLGWYFEVEYWGQGTQVTVSS,MKGLTAFKEKATGVFGGLKPNMEKFEISQSYHGGHGGYEEMEGGDREGRGPGGGHAYDDDDDRPDSPASFEEIERPPLRKIDKYCKAECPCMPARYTIATMACVGFMIAFGMRCNMSAAKLKGEHNGTVFMNWTVAVESHVDSSFFWGYLVTQIPGGFIASKFPANKIFGLSIVSSATLHLFVPFAMTLMHGHVVICVRVLQGLFEGVTYPACHGIWRFWAPPMERSRLATLAFSGSYAGVVVGLPLSGLLADAVGYQAPFYAYGVFGIIWYMFWIWLCFENPRKHPAISIPELKYIEKSLGESAHPTMPSLKTTPWREMMRSMPVYAIIVANFCRSWNFYLLVLFQSSFLKHKFGFKVEEAGFVGSLPHLIMTTIVPFGGMLADHLRKNGILSTTNVRKLFNCGGFGMEGLFFLFVAHSSTATGAMFALTCGVAFSGFAISGYNVNHLDIAPRYASILMGLSNGIGTLAGIIVPYALDGLIQANPTGCWTTVFTLAACVHLVGCTFYGIFASGELQPWAEPPAEEQKVWAPPPGAITNTDPSQAGMLGDYMKETSFGAPEYTEQSQMQQSTAISYGATGHVANNPFAMASGAPPIAEEDAPPTYGDVTNPGQYGYTQGQMPSYDPQGYQQQ,Q9VQC0
sdAb_9180_Lg,NB_54_AG_12,Nb7,Llama (Lama glama),AG_12,Vesicular glutamate transporter (VGLUT),QVQLQESGGGLVQAGGSLRLSCAASGRTFSNYNMGWLRQAPGNEREFVAAITSSGTSTYYADSVNGRFTISRDNAKNTVYLQMNSLNPEDTAVYYCAAGRYNNLRDVSGYLYRGQGTQVTVSS,MKGLTAFKEKATGVFGGLKPNMEKFEISQSYHGGHGGYEEMEGGDREGRGPGGGHAYDDDDDRPDSPASFEEIERPPLRKIDKYCKAECPCMPARYTIATMACVGFMIAFGMRCNMSAAKLKGEHNGTVFMNWTVAVESHVDSSFFWGYLVTQIPGGFIASKFPANKIFGLSIVSSATLHLFVPFAMTLMHGHVVICVRVLQGLFEGVTYPACHGIWRFWAPPMERSRLATLAFSGSYAGVVVGLPLSGLLADAVGYQAPFYAYGVFGIIWYMFWIWLCFENPRKHPAISIPELKYIEKSLGESAHPTMPSLKTTPWREMMRSMPVYAIIVANFCRSWNFYLLVLFQSSFLKHKFGFKVEEAGFVGSLPHLIMTTIVPFGGMLADHLRKNGILSTTNVRKLFNCGGFGMEGLFFLFVAHSSTATGAMFALTCGVAFSGFAISGYNVNHLDIAPRYASILMGLSNGIGTLAGIIVPYALDGLIQANPTGCWTTVFTLAACVHLVGCTFYGIFASGELQPWAEPPAEEQKVWAPPPGAITNTDPSQAGMLGDYMKETSFGAPEYTEQSQMQQSTAISYGATGHVANNPFAMASGAPPIAEEDAPPTYGDVTNPGQYGYTQGQMPSYDPQGYQQQ,Q9VQC0
sdAb_0061_Cb,NB_55_AG_13,Nb40,Bactrian camel (Camelus bactrianus),AG_13,Apolipoprotein E (ApoE),QVQLQESGGGSVQAGGSLRLSCAASGFTFSNYGMRWVRQAPGKGLERVASISSSGDVRSYADSVKGRFTISRDNAKSTLYLQLNSLKTEDTAMYYCAANALNLNGRGQGTQVTVSS,MKVLWAALLVTFLAGCQAKVEQAVETEPEPELRQQTEWQSGQRWELALGRFWDYLRWVQTLSEQVQEELLSSQVTQELRALMDETMKELKAYKSELEEQLTPVAEETRARLSKELQAAQARLGADMEDVCGRLVQYRGEVQAMLGQSTEELRVRLASHLRKLRKRLLRDADDLQKRLAVYQAGAREGAERGLSAIRERLGPLVEQGRVRAATVGSLAGQPLQERAQAWGERLRARMEEMGSRTRDRLDEVKEQVAEVRAKLEEQAQQIRLQAEAFQARLKSWFEPLVEDMQRQWAGLVEKVQAAVGTSAAPVPSDNH,P02649
sdAb_0072_Cb,NB_56_AG_13,Nb05,Bactrian camel (Camelus bactrianus),AG_13,Apolipoprotein E (ApoE),QVQLQESGGGLVQAGGSLRLSCTASGLTFDDSAMAWFRQAPGKEREGVSCISWSSNTVVYADSVKGRFTISRDNDKNTLYLQMNSLKPEDTAMYYCAAKGHPYCLGSLQEDPYKYWGQGTQVTVSS,MKVLWAALLVTFLAGCQAKVEQAVETEPEPELRQQTEWQSGQRWELALGRFWDYLRWVQTLSEQVQEELLSSQVTQELRALMDETMKELKAYKSELEEQLTPVAEETRARLSKELQAAQARLGADMEDVCGRLVQYRGEVQAMLGQSTEELRVRLASHLRKLRKRLLRDADDLQKRLAVYQAGAREGAERGLSAIRERLGPLVEQGRVRAATVGSLAGQPLQERAQAWGERLRARMEEMGSRTRDRLDEVKEQVAEVRAKLEEQAQQIRLQAEAFQARLKSWFEPLVEDMQRQWAGLVEKVQAAVGTSAAPVPSDNH,P02649
sdAb_0218_Cb,NB_57_AG_13,Nb21,Bactrian camel (Camelus bactrianus),AG_13,Apolipoprotein E (ApoE),QVQLQESGGGLVQPGGSLRLSCAASGFTEKDYGMSWVRQAPGKGLEWVSSIRNDGTKVTYYAESVKGRFTISRDNAKNTVYLQMNSLKSGDTALYYCATDSGGGNRGQGTQVTVSS,MKVLWAALLVTFLAGCQAKVEQAVETEPEPELRQQTEWQSGQRWELALGRFWDYLRWVQTLSEQVQEELLSSQVTQELRALMDETMKELKAYKSELEEQLTPVAEETRARLSKELQAAQARLGADMEDVCGRLVQYRGEVQAMLGQSTEELRVRLASHLRKLRKRLLRDADDLQKRLAVYQAGAREGAERGLSAIRERLGPLVEQGRVRAATVGSLAGQPLQERAQAWGERLRARMEEMGSRTRDRLDEVKEQVAEVRAKLEEQAQQIRLQAEAFQARLKSWFEPLVEDMQRQWAGLVEKVQAAVGTSAAPVPSDNH,P02649
sdAb_5819_Cb,NB_58_AG_13,Nb24,Bactrian camel (Camelus bactrianus),AG_13,Apolipoprotein E (ApoE),QVQLQESGGGSVQAGGSLRLSCAVSTNTFSTYYMGWFRQAPGKEREGFAHINPDGNTVYASSVKGRFTISKDDAKNTLYLHMNSLKPEDTAMYYCAADPRPKTAIQPLGSSSYIYWGQGTQVTVSS,MKVLWAALLVTFLAGCQAKVEQAVETEPEPELRQQTEWQSGQRWELALGRFWDYLRWVQTLSEQVQEELLSSQVTQELRALMDETMKELKAYKSELEEQLTPVAEETRARLSKELQAAQARLGADMEDVCGRLVQYRGEVQAMLGQSTEELRVRLASHLRKLRKRLLRDADDLQKRLAVYQAGAREGAERGLSAIRERLGPLVEQGRVRAATVGSLAGQPLQERAQAWGERLRARMEEMGSRTRDRLDEVKEQVAEVRAKLEEQAQQIRLQAEAFQARLKSWFEPLVEDMQRQWAGLVEKVQAAVGTSAAPVPSDNH,P02649
sdAb_8800_Cb,NB_59_AG_13,Nb19,Bactrian camel (Camelus bactrianus),AG_13,Apolipoprotein E (ApoE),QVQLQESGGGSVQAGGSLRLSCAVSGYTRVASDTNYMGWFRQVLGKEREGVAAIYPEDGSTNYADSVKGRFTISQDNAKNILYLQMNSLKPEDTAMYYCAADLAARRSNFRWSDARRPGYWGQGTQVTVSS,MKVLWAALLVTFLAGCQAKVEQAVETEPEPELRQQTEWQSGQRWELALGRFWDYLRWVQTLSEQVQEELLSSQVTQELRALMDETMKELKAYKSELEEQLTPVAEETRARLSKELQAAQARLGADMEDVCGRLVQYRGEVQAMLGQSTEELRVRLASHLRKLRKRLLRDADDLQKRLAVYQAGAREGAERGLSAIRERLGPLVEQGRVRAATVGSLAGQPLQERAQAWGERLRARMEEMGSRTRDRLDEVKEQVAEVRAKLEEQAQQIRLQAEAFQARLKSWFEPLVEDMQRQWAGLVEKVQAAVGTSAAPVPSDNH,P02649
sdAb_2622_Ca,NB_60_AG_14,Nb.AQ102,Camelid (Camelidae),AG_14,Adiponectin,QVQLQESGGGLVQAGGSLRLSCAASGSIFRVAWMGWYRQAPGKERELVASINGGATTNYADSVKGRFTISRDNAKNTVYLQMNSLKPEDTAVYYCAVPSTLGGDFYYWGQGTQVTVSS,MLLLGAVLLLLALPGHDQETTTQGPGVLLPLPKGACTGWMAGIPGHPGHNGAPGRDGRDGTPGEKGEKGDPGLIGPKGDIGETGVPGAEGPRGFPGIQGRKGEPGEGAYVYRSAFSVGLETYVTIPNMPIRFTKIFYNQQNHYDGSTGKFHCNIPGLYYFAYHITVYMKDVKVSLFKKDKAMLFTYDQYQENNVDQASGSVLLHLEVGDQVWLQVYGEGERNGLYADNDNDSTFTGFLLYHDTN,Q15848
sdAb_5538_Ca,NB_61_AG_14,Nb.AQ100,Camelid (Camelidae),AG_14,Adiponectin,QVQLQESGGGLVQAGGSLRLSCAASGTIFRVSFMGWYRQAPGKEREFVASITYGGITNYADSVKGRFTISRDNAKNTVYLQMNSLKPEDTAVYYCAAYILVSVDGAYYYRYWGQGTQVTVSS,MLLLGAVLLLLALPGHDQETTTQGPGVLLPLPKGACTGWMAGIPGHPGHNGAPGRDGRDGTPGEKGEKGDPGLIGPKGDIGETGVPGAEGPRGFPGIQGRKGEPGEGAYVYRSAFSVGLETYVTIPNMPIRFTKIFYNQQNHYDGSTGKFHCNIPGLYYFAYHITVYMKDVKVSLFKKDKAMLFTYDQYQENNVDQASGSVLLHLEVGDQVWLQVYGEGERNGLYADNDNDSTFTGFLLYHDTN,Q15848
sdAb_6748_Ca,NB_62_AG_14,Nb.AQ101,Camelid (Camelidae),AG_14,Adiponectin,QVQLQESGGGLVQAGGSLRLSCAASGYIFVYAYMGWYRQAPGKEREFVAAIDVGTTTNYADSVKGRFTISRDNAKNTVYLQMNSLKPEDTAVYYCAVVVAPQYFYWSTADRRYLYWGQGTQVTVSS,MLLLGAVLLLLALPGHDQETTTQGPGVLLPLPKGACTGWMAGIPGHPGHNGAPGRDGRDGTPGEKGEKGDPGLIGPKGDIGETGVPGAEGPRGFPGIQGRKGEPGEGAYVYRSAFSVGLETYVTIPNMPIRFTKIFYNQQNHYDGSTGKFHCNIPGLYYFAYHITVYMKDVKVSLFKKDKAMLFTYDQYQENNVDQASGSVLLHLEVGDQVWLQVYGEGERNGLYADNDNDSTFTGFLLYHDTN,Q15848
sdAb_7895_Ca,NB_63_AG_14,Nb.AQ104,Camelid (Camelidae),AG_14,Adiponectin,QVQLQESGGGLVQAGGSLRLSCAASGYIFPSAVMGWYRQAPGKERELVATITYGGSTYYADSVKGRFTISRDNAKNTVYLQMNLKPEDTAVYYCAAGIFTFIKGLVDPGYSLAYWGQGTQVTVSS,MLLLGAVLLLLALPGHDQETTTQGPGVLLPLPKGACTGWMAGIPGHPGHNGAPGRDGRDGTPGEKGEKGDPGLIGPKGDIGETGVPGAEGPRGFPGIQGRKGEPGEGAYVYRSAFSVGLETYVTIPNMPIRFTKIFYNQQNHYDGSTGKFHCNIPGLYYFAYHITVYMKDVKVSLFKKDKAMLFTYDQYQENNVDQASGSVLLHLEVGDQVWLQVYGEGERNGLYADNDNDSTFTGFLLYHDTN,Q15848
sdAb_8797_Ca,NB_64_AG_14,Nb.AQ103,Camelid (Camelidae),AG_14,Adiponectin,QVQLQESGGGLVQAGGSLRLSCAASGSIFAAAYMGWYRQAPGKEREFVAAISDGSNTYYADSVKGRFTISRDNAKNTVYLQMNSLKPEDTAVYYCAVIRWNYTYFRYWGQGTQVTVSS,MLLLGAVLLLLALPGHDQETTTQGPGVLLPLPKGACTGWMAGIPGHPGHNGAPGRDGRDGTPGEKGEKGDPGLIGPKGDIGETGVPGAEGPRGFPGIQGRKGEPGEGAYVYRSAFSVGLETYVTIPNMPIRFTKIFYNQQNHYDGSTGKFHCNIPGLYYFAYHITVYMKDVKVSLFKKDKAMLFTYDQYQENNVDQASGSVLLHLEVGDQVWLQVYGEGERNGLYADNDNDSTFTGFLLYHDTN,Q15848
sdAb_0748_Vp,NB_65_AG_15,Xpo4_E07,Alpaca (Vicugna pacos),AG_15,human exportin 4 (Xpo4),QVQLVESGGGLVQAGGSLSLSCAASGRTFRRYSMGWFRQAPGKEREFVAAIAWNDLMTYYADSAKGRFTISRDNAKNTLYLQMNSLKLEDTSVYYCASLGTPYTAGGVRSSSAYDYWGQGTQVTVSS,MMAAALGPPEVIAQLENAAKVLMAPPSMVNNEQRQHAEHIFLSFRKSKSPFAVCKHILETSKVDYVLFQAATAIMEAVVREWILLEKGSIESLRTFLLTYVLQRPNLQKYVREQILLAVAVIVKRGSLDKSIDCKSIFHEVSQLISSGNPTVQTLACSILTALLSEFSSSSKTSNIGLSMEFHGNCKRVFQEEDLRQIFMLTVEVLQEFSRRENLNAQMSSVFQRYLALANQVLSWNFLPPNLGRHYIAMFESSQNVLLKPTESWRETLLDSRVMELFFTVHRKIREDSDMAQDSLQCLAQLASLHGPIFPDEGSQVDYLAHFIEGLLNTINGIEIEDSEAVGISSIISNLITVFPRNVLTAIPSELFSSFVNCLTHLTCSFGRSAALEEVLDKDDMVYMEAYDKLLESWLTLVQDDKHFHKGFFTQHAVQVFNSYIQCHLAAPDGTRNLTANGVASREEEEISELQEDDRDQFSDQLASVGMLGRIAAEHCIPLLTSLLEERVTRLHGQLQRHQQQLLASPGSSTVDNKMLDDLYEDIHWLILVTGYLLADDTQGETPLIPPEIMEYSIKHSSEVDINTTLQILGSPGEKASSIPGYNRTDSVIRLLSAILRVSEVESRAIRADLTHLLSPQMGKDIVWFLKRWAKTYLLVDEKLYDQISLPFSTAFGADTEGSQWIIGYLLQKVISNLSVWSSEQDLANDTVQLLVTLVERRERANLVIQCENWWNLAKQFASRSPPLNFLSSPVQRTLMKALVLGGFAHMDTETKQQYWTEVLQPLQQRFLRVINQENFQQMCQQEEVKQEITATLEALCGIAEATQIDNVAILFNFLMDFLTNCIGLMEVYKNTPETVNLIIEVFVEVAHKQICYLGESKAMNLYEACLTLLQVYSKNNLGRQRIDVTAEEEQYQDLLLIMELLTNLLSKEFIDFSDTDEVFRGHEPGQAANRSVSAADVVLYGVNLILPLMSQDLLKFPTLCNQYYKLITFICEIFPEKIPQLPEDLFKSLMYSLELGMTSMSSEVCQLCLEALTPLAEQCAKAQETDSPLFLATRHFLKLVFDMLVLQKHNTEMTTAAGEAFYTLVCLHQAEYSELVETLLSSQQDPVIYQRLADAFNKLTASSTPPTLDRKQKMAFLKSLEEFMANVGGLLCVK,Q9C0E2
sdAb_3264_Sy,NB_66_AG_16,N1-1,Synthetic Construct,AG_16,RAC-alpha serine/threonine-protein kinase pleckstrin homology domain (Akt1PH),QVQLQESGGGLVQAGGSLRLSCAASGRSFNSYAVGWFRQAPGKEREFVARISWSGRSTYHADSVKGRFTISRDNAKNAVYLQMNSLKPEDTAVYYCAADPFPTLSTSPESWGQGTQVTVSS,MNDVAIVKEGWLHKRGEYIKTWRPRYFLLKNDGTFIGYKERPQDVDQRESPLNNFSVAQCQLMKTERPRPNTFIIRCLQWTTVIERTFHVETPEEREEWATAIQTVADGLKRQEEETMDFRSGSPSDNSGAEEMEVSLAKPKHRVTMNEFEYLKLLGKGTFGKVILVKEKATGRYYAMKILKKEVIVAKDEVAHTLTENRVLQNSRHPFLTALKYSFQTHDRLCFVMEYANGGELFFHLSRERVFSEDRARFYGAEIVSALDYLHSEKNVVYRDLKLENLMLDKDGHIKITDFGLCKEGIKDGATMKTFCGTPEYLAPEVLEDNDYGRAVDWWGLGVVMYEMMCGRLPFYNQDHEKLFELILMEEIRFPRTLGPEAKSLLSGLLKKDPTQRLGGGSEDAKEIMQHRFFANIVWQDVYEKKLSPPFKPQVTSETDTRYFDEEFTAQMITITPPDQDDSMECVDSERRPHFPQFSYSASGTA,P31750
sdAb_3419_Sy,NB_67_AG_16,N1-2,Synthetic Construct,AG_16,RAC-alpha serine/threonine-protein kinase pleckstrin homology domain (Akt1PH),QVQLQESGGGVVQAGDSLRLSCVASGRSSFSVYTVAWYRQATGKDREFVASTTWSGRTIDYSDSLKARFTISRDKDTVYLQMDNLKPEDTAVYYCAAGVTPNRIQDYSYWGQGTQVTVSS,MNDVAIVKEGWLHKRGEYIKTWRPRYFLLKNDGTFIGYKERPQDVDQRESPLNNFSVAQCQLMKTERPRPNTFIIRCLQWTTVIERTFHVETPEEREEWATAIQTVADGLKRQEEETMDFRSGSPSDNSGAEEMEVSLAKPKHRVTMNEFEYLKLLGKGTFGKVILVKEKATGRYYAMKILKKEVIVAKDEVAHTLTENRVLQNSRHPFLTALKYSFQTHDRLCFVMEYANGGELFFHLSRERVFSEDRARFYGAEIVSALDYLHSEKNVVYRDLKLENLMLDKDGHIKITDFGLCKEGIKDGATMKTFCGTPEYLAPEVLEDNDYGRAVDWWGLGVVMYEMMCGRLPFYNQDHEKLFELILMEEIRFPRTLGPEAKSLLSGLLKKDPTQRLGGGSEDAKEIMQHRFFANIVWQDVYEKKLSPPFKPQVTSETDTRYFDEEFTAQMITITPPDQDDSMECVDSERRPHFPQFSYSASGTA,P31750
sdAb_9297_Sy,NB_68_AG_16,N1-3,Synthetic Construct,AG_16,RAC-alpha serine/threonine-protein kinase pleckstrin homology domain (Akt1PH),QVQLQESGGGLVQPGGSLRLSCAASGFSVGNYDMSWIRQARGKGPEGVSGIVSGGVTTWYADSVKGRFTISRDNAENMLYLQMNNLKPEDTAVYYCAPASGHLRGVRGLGTQVTVSS,MNDVAIVKEGWLHKRGEYIKTWRPRYFLLKNDGTFIGYKERPQDVDQRESPLNNFSVAQCQLMKTERPRPNTFIIRCLQWTTVIERTFHVETPEEREEWATAIQTVADGLKRQEEETMDFRSGSPSDNSGAEEMEVSLAKPKHRVTMNEFEYLKLLGKGTFGKVILVKEKATGRYYAMKILKKEVIVAKDEVAHTLTENRVLQNSRHPFLTALKYSFQTHDRLCFVMEYANGGELFFHLSRERVFSEDRARFYGAEIVSALDYLHSEKNVVYRDLKLENLMLDKDGHIKITDFGLCKEGIKDGATMKTFCGTPEYLAPEVLEDNDYGRAVDWWGLGVVMYEMMCGRLPFYNQDHEKLFELILMEEIRFPRTLGPEAKSLLSGLLKKDPTQRLGGGSEDAKEIMQHRFFANIVWQDVYEKKLSPPFKPQVTSETDTRYFDEEFTAQMITITPPDQDDSMECVDSERRPHFPQFSYSASGTA,P31750
sdAb_0429_Lg,NB_69_AG_17,E11,Llama (Lama glama),AG_17,Pancreatic secretory zymogen-granule membrane glycoprotein 2 (GP2),QVQLQESGGGLVQPGGSLRLSCAASGSIFDMNAMGWYRQAPGRQRELVAIITDGGDTNYSNSVKGRFTISRDHAKNTVYLQMNSLKPEDTAVYVCNYRSLLVGRYDYWGQGTOVTVSS,MPHLMERMVGSGLLWLALVSCILTQASAVQRGYGNPIEASSYGLDLDCGAPGTPEAHVCFDPCQNYTLLDEPFRSTENSAGSQGCDKNMSGWYRFVGEGGVRMSETCVQVHRCQTDAPMWLNGTHPALGDGITNHTACAHWSGNCCFWKTEVLVKACPGGYHVYRLEGTPWCNLRYCTVPRDPSTVEDKCEKACRPEEECLALNSTWGCFCRQDLNSSDVHSLQPQLDCGPREIKVKVDKCLLGGLGLGEEVIAYLRDPNCSSILQTEERNWVSVTSPVQASACRNILERNQTHAIYKNTLSLVNDFIIRDTILNINFQCAYPLDMKVSLQAALQPIVSSLNVSVDGNGEFIVRMALFQDQNYTNPYEGDAVELSVESVLYVGAILEQGDTSRFNLVLRNCYATPTEDKADLVKYFIIRNSCSNQRDSTIHVEENGQSSESRFSVQMFMFAGHYDLVFLHCEIHLCDSLNEQCQPSCSRSQVRSEVPAIDLARVLDLGPITRRGAQSPGVMNGTPSTAGFLVAWPMVLLTVLLAWLF,P55259
sdAb_0838_Lg,NB_70_AG_17,B10,Llama (Lama glama),AG_17,Pancreatic secretory zymogen-granule membrane glycoprotein 2 (GP2),QVQLQESGGGLVQPGGSLTLSCAASGSISSINTMAWYRQAPGKERTVVAIVRLTGSTTYADSVKGRFTASTDSTKNTMYLQMNSLKPEDTAVYYCNAYNRFTYPTDLYWGQGTOVTVSS,MPHLMERMVGSGLLWLALVSCILTQASAVQRGYGNPIEASSYGLDLDCGAPGTPEAHVCFDPCQNYTLLDEPFRSTENSAGSQGCDKNMSGWYRFVGEGGVRMSETCVQVHRCQTDAPMWLNGTHPALGDGITNHTACAHWSGNCCFWKTEVLVKACPGGYHVYRLEGTPWCNLRYCTVPRDPSTVEDKCEKACRPEEECLALNSTWGCFCRQDLNSSDVHSLQPQLDCGPREIKVKVDKCLLGGLGLGEEVIAYLRDPNCSSILQTEERNWVSVTSPVQASACRNILERNQTHAIYKNTLSLVNDFIIRDTILNINFQCAYPLDMKVSLQAALQPIVSSLNVSVDGNGEFIVRMALFQDQNYTNPYEGDAVELSVESVLYVGAILEQGDTSRFNLVLRNCYATPTEDKADLVKYFIIRNSCSNQRDSTIHVEENGQSSESRFSVQMFMFAGHYDLVFLHCEIHLCDSLNEQCQPSCSRSQVRSEVPAIDLARVLDLGPITRRGAQSPGVMNGTPSTAGFLVAWPMVLLTVLLAWLF,P55259
sdAb_3785_Lg,NB_71_AG_17,H7,Llama (Lama glama),AG_17,Pancreatic secretory zymogen-granule membrane glycoprotein 2 (GP2),QVQLQESGGGLVQPGGSLRLSCAASGSIFNMNAMGWYRQAPGRQRELVAIVTDCGDTNYSNSVKGRFTVSRDHAKNTVYLQMNSLKPEDTAVYVCNYRSLLVGRYDYWGQGTOVTVSS,MPHLMERMVGSGLLWLALVSCILTQASAVQRGYGNPIEASSYGLDLDCGAPGTPEAHVCFDPCQNYTLLDEPFRSTENSAGSQGCDKNMSGWYRFVGEGGVRMSETCVQVHRCQTDAPMWLNGTHPALGDGITNHTACAHWSGNCCFWKTEVLVKACPGGYHVYRLEGTPWCNLRYCTVPRDPSTVEDKCEKACRPEEECLALNSTWGCFCRQDLNSSDVHSLQPQLDCGPREIKVKVDKCLLGGLGLGEEVIAYLRDPNCSSILQTEERNWVSVTSPVQASACRNILERNQTHAIYKNTLSLVNDFIIRDTILNINFQCAYPLDMKVSLQAALQPIVSSLNVSVDGNGEFIVRMALFQDQNYTNPYEGDAVELSVESVLYVGAILEQGDTSRFNLVLRNCYATPTEDKADLVKYFIIRNSCSNQRDSTIHVEENGQSSESRFSVQMFMFAGHYDLVFLHCEIHLCDSLNEQCQPSCSRSQVRSEVPAIDLARVLDLGPITRRGAQSPGVMNGTPSTAGFLVAWPMVLLTVLLAWLF,P55259
sdAb_4153_Lg,NB_72_AG_17,C11,Llama (Lama glama),AG_17,Pancreatic secretory zymogen-granule membrane glycoprotein 2 (GP2),QVQLQESGGGLVQPGGSLRLSCAASGSISSINTMAWYRQAPGKERTVVAIVRLSGSTTYADSVKGRFTASTDSTKNTMYLQMNSLKPEDTAVYYCNAYNRFTYPTDLYWGQGTOVTVSS,MPHLMERMVGSGLLWLALVSCILTQASAVQRGYGNPIEASSYGLDLDCGAPGTPEAHVCFDPCQNYTLLDEPFRSTENSAGSQGCDKNMSGWYRFVGEGGVRMSETCVQVHRCQTDAPMWLNGTHPALGDGITNHTACAHWSGNCCFWKTEVLVKACPGGYHVYRLEGTPWCNLRYCTVPRDPSTVEDKCEKACRPEEECLALNSTWGCFCRQDLNSSDVHSLQPQLDCGPREIKVKVDKCLLGGLGLGEEVIAYLRDPNCSSILQTEERNWVSVTSPVQASACRNILERNQTHAIYKNTLSLVNDFIIRDTILNINFQCAYPLDMKVSLQAALQPIVSSLNVSVDGNGEFIVRMALFQDQNYTNPYEGDAVELSVESVLYVGAILEQGDTSRFNLVLRNCYATPTEDKADLVKYFIIRNSCSNQRDSTIHVEENGQSSESRFSVQMFMFAGHYDLVFLHCEIHLCDSLNEQCQPSCSRSQVRSEVPAIDLARVLDLGPITRRGAQSPGVMNGTPSTAGFLVAWPMVLLTVLLAWLF,P55259
sdAb_5763_Ca,NB_73_AG_18,Nb.AD101,Camelid (Camelidae),AG_18,adenosine A2A receptor (A2AR),QVQLQESGGGLVQAGGSLRLSCAASGTISPLPAMGWYRQAPGKEREFVAGIDTGAITNYADSVKGRFTISRDNAKNTVYLQMNSLKPEDTAVYYCAVFPAAYDYYERYYTYWGQGTQVTVSS,MPIMGSSVYITVELAIAVLAILGNVLVCWAVWLNSNLQNVTNYFVVSLAAADIAVGVLAIPFAITISTGFCAACHGCLFIACFVLVLTQSSIFSLLAIAIDRYIAIRIPLRYNGLVTGTRAKGIIAICWVLSFAIGLTPMLGWNNCGQPKEGKNHSQGCGEGQVACLFEDVVPMNYMVYFNFFACVLVPLLLMLGVYLRIFLAARRQLKQMESQPLPGERARSTLQKEVHAAKSLAIIVGLFALCWLPLHIINCFTFFCPDCSHAPLWLMYLAIVLSHTNSVVNPFIYAYRIREFRQTFRKIIRSHVLRQQEPFKAAGTSARVLAAHGSDGEQVSLRLNGHPPGVWANGSAPHPERRPNGYALGLVSGGSAQESQGNTGLPDVELLSHELKGVCPEPPGLDDPLAQDGAGVS,P29274
sdAb_8802_Ca,NB_74_AG_18,Nb.AD102,Camelid (Camelidae),AG_18,adenosine A2A receptor (A2AR),QVQLQESGGGLVQAGGSLRLSCAASGSIFSILSMGWYRQAPGKERELVAGITDGTTTNYADSVKGRFTISRDNAKNTVYLQMNSLKPEDTAVYYCAVHAVPDEYTFPSSYDYWGQGTQVTVSS,MPIMGSSVYITVELAIAVLAILGNVLVCWAVWLNSNLQNVTNYFVVSLAAADIAVGVLAIPFAITISTGFCAACHGCLFIACFVLVLTQSSIFSLLAIAIDRYIAIRIPLRYNGLVTGTRAKGIIAICWVLSFAIGLTPMLGWNNCGQPKEGKNHSQGCGEGQVACLFEDVVPMNYMVYFNFFACVLVPLLLMLGVYLRIFLAARRQLKQMESQPLPGERARSTLQKEVHAAKSLAIIVGLFALCWLPLHIINCFTFFCPDCSHAPLWLMYLAIVLSHTNSVVNPFIYAYRIREFRQTFRKIIRSHVLRQQEPFKAAGTSARVLAAHGSDGEQVSLRLNGHPPGVWANGSAPHPERRPNGYALGLVSGGSAQESQGNTGLPDVELLSHELKGVCPEPPGLDDPLAQDGAGVS,P29274
sdAb_1976_Cb,NB_75_AG_19,SRB-37,Bactrian camel (Camelus bactrianus),AG_19,human CD19,EVQLQESGGGLVQPGGSLRLSCAASGFIYMVGIKTERDGVKGWVRQAPGKGLEWLSRFTIPRDNAKNTLYLQMNNLKSEDTALYYCATEENDWGQGTQVTVSSG,MPPPRLLFFLLFLTPMEVRPEEPLVVKVEEGDNAVLQCLKGTSDGPTQQLTWSRESPLKPFLKLSLGLPGLGIHMRPLAIWLFIFNVSQQMGGFYLCQPGPPSEKAWQPGWTVNVEGSGELFRWNVSDLGGLGCGLKNRSSEGPSSPSGKLMSPKLYVWAKDRPEIWEGEPPCLPPRDSLNQSLSQDLTMAPGSTLWLSCGVPPDSVSRGPLSWTHVHPKGPKSLLSLELKDDRPARDMWVMETGLLLPRATAQDAGKYYCHRGNLTMSFHLEITARPVLWHWLLRTGGWKVSAVTLAYLIFCLCSLVGILHLQRALVLRRKRKRMTDPTRRFFKVTPPPGSGPQNQYGNVLSLPTPTSGLGRAQRWAAGLGGTAPSYGNPSSDVQADGALGSRSPPGVGPEEEEGEGYEEPDSEEDSEFYENDSNLGQDQLSQDGSGYENPEDEPLGPEDEDSFSNAESYENEDEELTQPVARTMDFLSPHGSAWDPSREATSLGSQSYEDMRGILYAAPQLRSIRGQPGPNHEEDADSYENMDNPDGPDPAWGGGGRMGTWSTR,P15391
sdAb_8930_Cb,NB_76_AG_19,SRB-85,Bactrian camel (Camelus bactrianus),AG_19,human CD19,EVQLLESGGGLVQPGGSLRSCEASGFNAMTSIDSWTDAVKGWVRQPPGKGLEWVSRFAISQDNAKNTVYLQMNSLKPEDTAMYYCALSKCYTRVYDYWGQGTQVTVSSG,MPPPRLLFFLLFLTPMEVRPEEPLVVKVEEGDNAVLQCLKGTSDGPTQQLTWSRESPLKPFLKLSLGLPGLGIHMRPLAIWLFIFNVSQQMGGFYLCQPGPPSEKAWQPGWTVNVEGSGELFRWNVSDLGGLGCGLKNRSSEGPSSPSGKLMSPKLYVWAKDRPEIWEGEPPCLPPRDSLNQSLSQDLTMAPGSTLWLSCGVPPDSVSRGPLSWTHVHPKGPKSLLSLELKDDRPARDMWVMETGLLLPRATAQDAGKYYCHRGNLTMSFHLEITARPVLWHWLLRTGGWKVSAVTLAYLIFCLCSLVGILHLQRALVLRRKRKRMTDPTRRFFKVTPPPGSGPQNQYGNVLSLPTPTSGLGRAQRWAAGLGGTAPSYGNPSSDVQADGALGSRSPPGVGPEEEEGEGYEEPDSEEDSEFYENDSNLGQDQLSQDGSGYENPEDEPLGPEDEDSFSNAESYENEDEELTQPVARTMDFLSPHGSAWDPSREATSLGSQSYEDMRGILYAAPQLRSIRGQPGPNHEEDADSYENMDNPDGPDPAWGGGGRMGTWSTR,P15391
sdAb_1967_Vp,NB_77_AG_20,Nb4,Alpaca (Vicugna pacos),AG_20,serine protease urokinase-type plasminogen activator,QVQLQESGGGLVQAGGSLRLSCAASGFTLDSYAIGWFRQAPGKEREGVSCISASGGSTNYADSVKGRFTISRDNAKNTVYLQMNSLKSEDTAVYYCAADHPGLCTSESGRRRYLEVWGQGTQVTVSSA,MRALLARLLLCVLVVSDSKGSNELHQVPSNCDCLNGGTCVSNKYFSNIHWCNCPKKFGGQHCEIDKSKTCYEGNGHFYRGKASTDTMGRPCLPWNSATVLQQTYHAHRSDALQLGLGKHNYCRNPDNRRRPWCYVQVGLKLLVQECMVHDCADGKKPSSPPEELKFQCGQKTLRPRFKIIGGEFTTIENQPWFAAIYRRHRGGSVTYVCGGSLISPCWVISATHCFIDYPKKEDYIVYLGRSRLNSNTQGEMKFEVENLILHKDYSADTLAHHNDIALLKIRSKEGRCAQPSRTIQTICLPSMYNDPQFGTSCEITGFGKENSTDYLYPEQLKMTVVKLISHRECQQPHYYGSEVTTKMLCAADPQWKTDSCQGDSGGPLVCSLQGRMTLTGIVSWGRGCALKDKPGVYTRVSHFLPWIRSHTKEENGLAL,P00749
sdAb_4624_Sy,NB_78_AG_21,EGa1,Synthetic Construct,AG_21,epidermal growth factor receptor (EGFR),MKYLLPTAAAGLLLLAAQPAMAQVQLQESGGGLVQPGGSLRLSCAASGRTFSSYAMGWFRQAPGKEREFVAAIRWSGGYTYYTDSVKGRFTISRDNAKTTVYLQMNSLKPEDTAVYYCAATYLSSDYSRYALPQRPLDYDYWGQGTQVTVSSAAAEQKLISEEDLNGLEHHHHHH,MRPSGTAGAALLALLAALCPASRALEEKKVCQGTSNKLTQLGTFEDHFLSLQRMFNNCEVVLGNLEITYVQRNYDLSFLKTIQEVAGYVLIALNTVERIPLENLQIIRGNMYYENSYALAVLSNYDANKTGLKELPMRNLQEILHGAVRFSNNPALCNVESIQWRDIVSSDFLSNMSMDFQNHLGSCQKCDPSCPNGSCWGAGEENCQKLTKIICAQQCSGRCRGKSPSDCCHNQCAAGCTGPRESDCLVCRKFRDEATCKDTCPPLMLYNPTTYQMDVNPEGKYSFGATCVKKCPRNYVVTDHGSCVRACGADSYEMEEDGVRKCKKCEGPCRKVCNGIGIGEFKDSLSINATNIKHFKNCTSISGDLHILPVAFRGDSFTHTPPLDPQELDILKTVKEITGFLLIQAWPENRTDLHAFENLEIIRGRTKQHGQFSLAVVSLNITSLGLRSLKEISDGDVIISGNKNLCYANTINWKKLFGTSGQKTKIISNRGENSCKATGQVCHALCSPEGCWGPEPRDCVSCRNVSRGRECVDKCNLLEGEPREFVENSECIQCHPECLPQAMNITCTGRGPDNCIQCAHYIDGPHCVKTCPAGVMGENNTLVWKYADAGHVCHLCHPNCTYGCTGPGLEGCPTNGPKIPSIATGMVGALLLLLVVALGIGLFMRRRHIVRKRTLRRLLQERELVEPLTPSGEAPNQALLRILKETEFKKIKVLGSGAFGTVYKGLWIPEGEKVKIPVAIKELREATSPKANKEILDEAYVMASVDNPHVCRLLGICLTSTVQLITQLMPFGCLLDYVREHKDNIGSQYLLNWCVQIAKGMNYLEDRRLVHRDLAARNVLVKTPQHVKITDFGLAKLLGAEEKEYHAEGGKVPIKWMALESILHRIYTHQSDVWSYGVTVWELMTFGSKPYDGIPASEISSILEKGERLPQPPICTIDVYMIMVKCWMIDADSRPKFRELIIEFSKMARDPQRYLVIQGDERMHLPSPTDSNFYRALMDEEDMDDVVDADEYLIPQQGFFSSPSTSRTPLLSSLSATSNNSTVACIDRNGLQSCPIKEDSFLQRYSSDPTGALTEDSIDDTFLPVPEYINQSVPKRPAGSVQNPVYHNQPLNPAPSRDPHYQDPHSTAVGNPEYLNTVQPTCVNSTFDSPAHWAQKGSHQISLDNPDYQQDFFPKEAKPNGIFKGSTAENAEYLRVAPQSSEFIGA,P00533
sdAb_1932_Ca,NB_79_AG_22,9G8,Camelid (Camelidae),AG_22,Human epidermal growth factor receptor (HER1/EGFR),EVQLVESGGGLVQAGGSLRLSCAASGRTFSSYAMGWFRQAPGKEREFVVAINWSSGSTYYADSVKGRFTISRDNAKNTMYLQMNSLKPEDTAVYYCAAGYQINSGNYNFKDYEYDYWGQGTQVTVSS,MRPSGTAGAALLALLAALCPASRALEEKKVCQGTSNKLTQLGTFEDHFLSLQRMFNNCEVVLGNLEITYVQRNYDLSFLKTIQEVAGYVLIALNTVERIPLENLQIIRGNMYYENSYALAVLSNYDANKTGLKELPMRNLQEILHGAVRFSNNPALCNVESIQWRDIVSSDFLSNMSMDFQNHLGSCQKCDPSCPNGSCWGAGEENCQKLTKIICAQQCSGRCRGKSPSDCCHNQCAAGCTGPRESDCLVCRKFRDEATCKDTCPPLMLYNPTTYQMDVNPEGKYSFGATCVKKCPRNYVVTDHGSCVRACGADSYEMEEDGVRKCKKCEGPCRKVCNGIGIGEFKDSLSINATNIKHFKNCTSISGDLHILPVAFRGDSFTHTPPLDPQELDILKTVKEITGFLLIQAWPENRTDLHAFENLEIIRGRTKQHGQFSLAVVSLNITSLGLRSLKEISDGDVIISGNKNLCYANTINWKKLFGTSGQKTKIISNRGENSCKATGQVCHALCSPEGCWGPEPRDCVSCRNVSRGRECVDKCNLLEGEPREFVENSECIQCHPECLPQAMNITCTGRGPDNCIQCAHYIDGPHCVKTCPAGVMGENNTLVWKYADAGHVCHLCHPNCTYGCTGPGLEGCPTNGPKIPSIATGMVGALLLLLVVALGIGLFMRRRHIVRKRTLRRLLQERELVEPLTPSGEAPNQALLRILKETEFKKIKVLGSGAFGTVYKGLWIPEGEKVKIPVAIKELREATSPKANKEILDEAYVMASVDNPHVCRLLGICLTSTVQLITQLMPFGCLLDYVREHKDNIGSQYLLNWCVQIAKGMNYLEDRRLVHRDLAARNVLVKTPQHVKITDFGLAKLLGAEEKEYHAEGGKVPIKWMALESILHRIYTHQSDVWSYGVTVWELMTFGSKPYDGIPASEISSILEKGERLPQPPICTIDVYMIMVKCWMIDADSRPKFRELIIEFSKMARDPQRYLVIQGDERMHLPSPTDSNFYRALMDEEDMDDVVDADEYLIPQQGFFSSPSTSRTPLLSSLSATSNNSTVACIDRNGLQSCPIKEDSFLQRYSSDPTGALTEDSIDDTFLPVPEYINQSVPKRPAGSVQNPVYHNQPLNPAPSRDPHYQDPHSTAVGNPEYLNTVQPTCVNSTFDSPAHWAQKGSHQISLDNPDYQQDFFPKEAKPNGIFKGSTAENAEYLRVAPQSSEFIGA,EGFR
sdAb_4902_Ca,NB_80_AG_22,7D12,Camelid (Camelidae),AG_22,Human epidermal growth factor receptor (HER1/EGFR),AAQVKLEESGGGSVQTGGSLRLTCAASGRTSRSYGMGWFRQAPGKEREFVSGISWRGDSTGYADSVKGRFTISRDNAKNTVDLQMNSLKPEDTAIYYCAAAAGSAWYGTLYEYDYWGQGTQVTVSS,MRPSGTAGAALLALLAALCPASRALEEKKVCQGTSNKLTQLGTFEDHFLSLQRMFNNCEVVLGNLEITYVQRNYDLSFLKTIQEVAGYVLIALNTVERIPLENLQIIRGNMYYENSYALAVLSNYDANKTGLKELPMRNLQEILHGAVRFSNNPALCNVESIQWRDIVSSDFLSNMSMDFQNHLGSCQKCDPSCPNGSCWGAGEENCQKLTKIICAQQCSGRCRGKSPSDCCHNQCAAGCTGPRESDCLVCRKFRDEATCKDTCPPLMLYNPTTYQMDVNPEGKYSFGATCVKKCPRNYVVTDHGSCVRACGADSYEMEEDGVRKCKKCEGPCRKVCNGIGIGEFKDSLSINATNIKHFKNCTSISGDLHILPVAFRGDSFTHTPPLDPQELDILKTVKEITGFLLIQAWPENRTDLHAFENLEIIRGRTKQHGQFSLAVVSLNITSLGLRSLKEISDGDVIISGNKNLCYANTINWKKLFGTSGQKTKIISNRGENSCKATGQVCHALCSPEGCWGPEPRDCVSCRNVSRGRECVDKCNLLEGEPREFVENSECIQCHPECLPQAMNITCTGRGPDNCIQCAHYIDGPHCVKTCPAGVMGENNTLVWKYADAGHVCHLCHPNCTYGCTGPGLEGCPTNGPKIPSIATGMVGALLLLLVVALGIGLFMRRRHIVRKRTLRRLLQERELVEPLTPSGEAPNQALLRILKETEFKKIKVLGSGAFGTVYKGLWIPEGEKVKIPVAIKELREATSPKANKEILDEAYVMASVDNPHVCRLLGICLTSTVQLITQLMPFGCLLDYVREHKDNIGSQYLLNWCVQIAKGMNYLEDRRLVHRDLAARNVLVKTPQHVKITDFGLAKLLGAEEKEYHAEGGKVPIKWMALESILHRIYTHQSDVWSYGVTVWELMTFGSKPYDGIPASEISSILEKGERLPQPPICTIDVYMIMVKCWMIDADSRPKFRELIIEFSKMARDPQRYLVIQGDERMHLPSPTDSNFYRALMDEEDMDDVVDADEYLIPQQGFFSSPSTSRTPLLSSLSATSNNSTVACIDRNGLQSCPIKEDSFLQRYSSDPTGALTEDSIDDTFLPVPEYINQSVPKRPAGSVQNPVYHNQPLNPAPSRDPHYQDPHSTAVGNPEYLNTVQPTCVNSTFDSPAHWAQKGSHQISLDNPDYQQDFFPKEAKPNGIFKGSTAENAEYLRVAPQSSEFIGA,EGFR
sdAb_7600_Sy,NB_81_AG_23,N3-3,Synthetic Construct,AG_23,RAC-gamma serine/threonine-protein kinase kinase pleckstrin homology domain (Akt3PH),QVQLQESGGGLVQAGGSLRLSCAASGRTVSSYAMGWFRQAPGKEREFVAAISWSGSTTYYSDSVKGRFTFSRDKPKNTVYLQMNSLKPEDTAVYYCAASRIITSQPMTTMGEYHYWGQGTQVTVSS,MSDVTIVKEGWVQKRGEYIKNWRPRYFLLKTDGSFIGYKEKPQDVDLPYPLNNFSVAKCQLMKTERPKPNTFIIRCLQWTTVIERTFHVDTPEEREEWTEAIQAVADRLQRQEEERMNCSPTSQIDNIGEEEMDASTTHHKRKTMNDFDYLKLLGKGTFGKVILVREKASGKYYAMKILKKEVIIAKDEVAHTLTESRVLKNTRHPFLTSLKYSFQTKDRLCFVMEYVNGGELFFHLSRERVFSEDRTRFYGAEIVSALDYLHSGKIVYRDLKLENLMLDKDGHIKITDFGLCKEGITDAATMKTFCGTPEYLAPEVLEDNDYGRAVDWWGLGVVMYEMMCGRLPFYNQDHEKLFELILMEDIKFPRTLSSDAKSLLSGLLIKDPNKRLGGGPDDAKEIMRHSFFSGVNWQDVYDKKLVPPFKPQVTSETDTRYFDEEFTAQTITITPPEKYDDDGMDGMDNERRPHFPQFSYSASGRE,Q9WUA6
sdAb_8417_Sy,NB_82_AG_23,N3-1,Synthetic Construct,AG_23,RAC-gamma serine/threonine-protein kinase kinase pleckstrin homology domain (Akt3PH),QVQLQESGGGLVQAGGSLRLSCAASGLTFDDYAIGWFRQAPGKEREGVSCIRRSDGMTYYADSVKGRFTISSDNAKNTVYLQMNSLKPEDTAVYYCAASDYSDYGLRPYEYDYWGQGTQVTVSS,MSDVTIVKEGWVQKRGEYIKNWRPRYFLLKTDGSFIGYKEKPQDVDLPYPLNNFSVAKCQLMKTERPKPNTFIIRCLQWTTVIERTFHVDTPEEREEWTEAIQAVADRLQRQEEERMNCSPTSQIDNIGEEEMDASTTHHKRKTMNDFDYLKLLGKGTFGKVILVREKASGKYYAMKILKKEVIIAKDEVAHTLTESRVLKNTRHPFLTSLKYSFQTKDRLCFVMEYVNGGELFFHLSRERVFSEDRTRFYGAEIVSALDYLHSGKIVYRDLKLENLMLDKDGHIKITDFGLCKEGITDAATMKTFCGTPEYLAPEVLEDNDYGRAVDWWGLGVVMYEMMCGRLPFYNQDHEKLFELILMEDIKFPRTLSSDAKSLLSGLLIKDPNKRLGGGPDDAKEIMRHSFFSGVNWQDVYDKKLVPPFKPQVTSETDTRYFDEEFTAQTITITPPEKYDDDGMDGMDNERRPHFPQFSYSASGRE,Q9WUA6
sdAb_9409_Sy,NB_83_AG_23,N3-2,Synthetic Construct,AG_23,RAC-gamma serine/threonine-protein kinase kinase pleckstrin homology domain (Akt3PH),QVQLQESGGGLVQPGGSLRLSCAASGFTFSKYPMSWVRQAPGKGLEWISTITSTGASTTYADSVSGRFTISRDNAKNTLYLQMNSLKPEDTAVYYCRNSRGSRGQGTQVTVSS,MSDVTIVKEGWVQKRGEYIKNWRPRYFLLKTDGSFIGYKEKPQDVDLPYPLNNFSVAKCQLMKTERPKPNTFIIRCLQWTTVIERTFHVDTPEEREEWTEAIQAVADRLQRQEEERMNCSPTSQIDNIGEEEMDASTTHHKRKTMNDFDYLKLLGKGTFGKVILVREKASGKYYAMKILKKEVIIAKDEVAHTLTESRVLKNTRHPFLTSLKYSFQTKDRLCFVMEYVNGGELFFHLSRERVFSEDRTRFYGAEIVSALDYLHSGKIVYRDLKLENLMLDKDGHIKITDFGLCKEGITDAATMKTFCGTPEYLAPEVLEDNDYGRAVDWWGLGVVMYEMMCGRLPFYNQDHEKLFELILMEDIKFPRTLSSDAKSLLSGLLIKDPNKRLGGGPDDAKEIMRHSFFSGVNWQDVYDKKLVPPFKPQVTSETDTRYFDEEFTAQTITITPPEKYDDDGMDGMDNERRPHFPQFSYSASGRE,Q9WUA6
sdAb_0164_Cd,NB_84_AG_24,BH-GBP3,Arabian camel (Camelus dromedarius),AG_24,green fluorescent protein (GFP),DVQLQESGGGSVQAGGSLRLSCAASGFPFSNYCMGWFRQAPGKEREGVATISRLGMFTEYADSVQGRFIISRDNAQNMVFLQMNNLTPEDTAIYYCAAVSTSSSDCRPRLPSQEYTYWGQGTQVTVSS,MSKGEELFTGVVPILVELDGDVNGHKFSVSGEGEGDATYGKLTLKFICTTGKLPVPWPTLVTTFSYGVQCFSRYPDHMKQHDFFKSAMPEGYVQERTIFFKDDGNYKTRAEVKFEGDTLVNRIELKGIDFKEDGNILGHKLEYNYNSHNVYIMADKQKNGIKVNFKIRHNIEDGSVQLADHYQQNTPIGDGPVLLPDNHYLSTQSALSKDPNEKRDHMVLLEFVTAAGITHGMDELYK,P42212
sdAb_0241_Cd,NB_85_AG_24,BH-GBP1,Arabian camel (Camelus dromedarius),AG_24,green fluorescent protein (GFP),DVQLQESGGGSVQTGGSLRLSCAVSPYIGSRISLGWFRQAPGKVREGVALINSRDGSTYYADTVKGRFTISQGDANTVYLQMNSLKPEDTAIYYCAARWGQITDIQALAVASFPDWGQGTQVTVSS,MSKGEELFTGVVPILVELDGDVNGHKFSVSGEGEGDATYGKLTLKFICTTGKLPVPWPTLVTTFSYGVQCFSRYPDHMKQHDFFKSAMPEGYVQERTIFFKDDGNYKTRAEVKFEGDTLVNRIELKGIDFKEDGNILGHKLEYNYNSHNVYIMADKQKNGIKVNFKIRHNIEDGSVQLADHYQQNTPIGDGPVLLPDNHYLSTQSALSKDPNEKRDHMVLLEFVTAAGITHGMDELYK,P42212
sdAb_0530_Sy,NB_86_AG_24,antiGFP,Synthetic Construct,AG_24,green fluorescent protein (GFP),QVQLVESGGALVQPGGSLRLSCAASGFPVNRYSMRWYRQAPGKEREWVAGMSSAGDRSSYEDSVKGRFTISRDDARNTVYLQMNSLKPEDTAVYYCNVNVGFEYWGQGTQVTVSS,MSKGEELFTGVVPILVELDGDVNGHKFSVSGEGEGDATYGKLTLKFICTTGKLPVPWPTLVTTFSYGVQCFSRYPDHMKQHDFFKSAMPEGYVQERTIFFKDDGNYKTRAEVKFEGDTLVNRIELKGIDFKEDGNILGHKLEYNYNSHNVYIMADKQKNGIKVNFKIRHNIEDGSVQLADHYQQNTPIGDGPVLLPDNHYLSTQSALSKDPNEKRDHMVLLEFVTAAGITHGMDELYK,P42212
sdAb_0603_Cd,NB_87_AG_24,PD-GBP1,Arabian camel (Camelus dromedarius),AG_24,green fluorescent protein (GFP),DVQLQESGGGSVQAGGSLRLSCAASGYIDSSYYLGWFRQAPGKEREGVAAITDGGGSTYYADSVKGRFTISQDNAKNTVYLLMNSLKPEDTAIYYCAADPWGISTMTSLNREWYNYWGQGTQVTVSS,MSKGEELFTGVVPILVELDGDVNGHKFSVSGEGEGDATYGKLTLKFICTTGKLPVPWPTLVTTFSYGVQCFSRYPDHMKQHDFFKSAMPEGYVQERTIFFKDDGNYKTRAEVKFEGDTLVNRIELKGIDFKEDGNILGHKLEYNYNSHNVYIMADKQKNGIKVNFKIRHNIEDGSVQLADHYQQNTPIGDGPVLLPDNHYLSTQSALSKDPNEKRDHMVLLEFVTAAGITHGMDELYK,P42212
sdAb_2506_Cd,NB_88_AG_24,NB1,Arabian camel (Camelus dromedarius),AG_24,green fluorescent protein (GFP),MQVQLVESGGALVQPGGSLRLSCAASGFPVNRYSMRWYRQAPGKEREWVAGMSSAGDRSSYEDSVKGRFTISRDDARNTVYLQMNSLKPEDTAVYYCNVNVGFEYWGQGTQVTVSSKHHHHHH,MSKGEELFTGVVPILVELDGDVNGHKFSVSGEGEGDATYGKLTLKFICTTGKLPVPWPTLVTTFSYGVQCFSRYPDHMKQHDFFKSAMPEGYVQERTIFFKDDGNYKTRAEVKFEGDTLVNRIELKGIDFKEDGNILGHKLEYNYNSHNVYIMADKQKNGIKVNFKIRHNIEDGSVQLADHYQQNTPIGDGPVLLPDNHYLSTQSALSKDPNEKRDHMVLLEFVTAAGITHGMDELYK,P42212
sdAb_2509_Cd,NB_89_AG_24,PD-GBP3,Arabian camel (Camelus dromedarius),AG_24,green fluorescent protein (GFP),DVQLQESGGGSVQAGGSLRLSCAVSGYTYSSYCVGWFRQAPGKEREGVATINTAGGSTYYADSVKGRFTISQDYAKNTVYLQMNSLNPEDTAIYYCAARARSGVSCGNTYGYNYWGQGTQVTVSS,MSKGEELFTGVVPILVELDGDVNGHKFSVSGEGEGDATYGKLTLKFICTTGKLPVPWPTLVTTFSYGVQCFSRYPDHMKQHDFFKSAMPEGYVQERTIFFKDDGNYKTRAEVKFEGDTLVNRIELKGIDFKEDGNILGHKLEYNYNSHNVYIMADKQKNGIKVNFKIRHNIEDGSVQLADHYQQNTPIGDGPVLLPDNHYLSTQSALSKDPNEKRDHMVLLEFVTAAGITHGMDELYK,P42212
sdAb_3191_Sy,NB_90_AG_24,pcNB1,Synthetic Construct,AG_24,green fluorescent protein (GFP),MQVQLVEKGGKRVQPGGSLRLKCAASGFPVNRYSMRWYRQAPGKEREWVAGMSSAGDRSSYEDSVKGRFKIKRDDARNTVYLRMRKLKPEDTAVYYCNVNVGFEYWGQGTRVTVSKKHHHHHH,MSKGEELFTGVVPILVELDGDVNGHKFSVSGEGEGDATYGKLTLKFICTTGKLPVPWPTLVTTFSYGVQCFSRYPDHMKQHDFFKSAMPEGYVQERTIFFKDDGNYKTRAEVKFEGDTLVNRIELKGIDFKEDGNILGHKLEYNYNSHNVYIMADKQKNGIKVNFKIRHNIEDGSVQLADHYQQNTPIGDGPVLLPDNHYLSTQSALSKDPNEKRDHMVLLEFVTAAGITHGMDELYK,P42212
sdAb_3515_Cd,NB_91_AG_24,BH-GBP2,Arabian camel (Camelus dromedarius),AG_24,green fluorescent protein (GFP),DVQLQESGGGSVQAGGSLRLSCAASPYFSLRSCVAWFRQAPGKEREGVAAIFTSTGSTYYADSVKGRFTISQDNANTVSLQMNSLKPEDAAMYYCAIEGRPMIGGPSCSMGSPNSYTYWGQGTQVTVSS,MSKGEELFTGVVPILVELDGDVNGHKFSVSGEGEGDATYGKLTLKFICTTGKLPVPWPTLVTTFSYGVQCFSRYPDHMKQHDFFKSAMPEGYVQERTIFFKDDGNYKTRAEVKFEGDTLVNRIELKGIDFKEDGNILGHKLEYNYNSHNVYIMADKQKNGIKVNFKIRHNIEDGSVQLADHYQQNTPIGDGPVLLPDNHYLSTQSALSKDPNEKRDHMVLLEFVTAAGITHGMDELYK,P42212
sdAb_3882_Cd,NB_92_AG_24,PD-GBP2,Arabian camel (Camelus dromedarius),AG_24,green fluorescent protein (GFP),DVQLQESGGGSVQAGEALRLSCVGSGYTSINPYMAWFRQAPGKEREGVAAISSGGQYTYYADSVKGRFTISRDNAKNTMYLQMPSLKPDDSAKYYCAADFRRGGSWNVDPLRYDYQHWGQGTQVTVSS,MSKGEELFTGVVPILVELDGDVNGHKFSVSGEGEGDATYGKLTLKFICTTGKLPVPWPTLVTTFSYGVQCFSRYPDHMKQHDFFKSAMPEGYVQERTIFFKDDGNYKTRAEVKFEGDTLVNRIELKGIDFKEDGNILGHKLEYNYNSHNVYIMADKQKNGIKVNFKIRHNIEDGSVQLADHYQQNTPIGDGPVLLPDNHYLSTQSALSKDPNEKRDHMVLLEFVTAAGITHGMDELYK,P42212
sdAb_3959_Ca,NB_93_AG_24,GBP4,Camelid (Camelidae),AG_24,green fluorescent protein (GFP),MADVQLQESGGGSVQAGGSLRLSCAASGDTFSSYSMAWFRQAPGKECELVSNILRDGTTTYAGSVKGRFTISRDDAKNTVYLQMVNLKSEDTARYYCAADSGTQLGYVAVGLSCLDYVMDYWGKGTQVTVSSA,MSKGEELFTGVVPILVELDGDVNGHKFSVSGEGEGDATYGKLTLKFICTTGKLPVPWPTLVTTFSYGVQCFSRYPDHMKQHDFFKSAMPEGYVQERTIFFKDDGNYKTRAEVKFEGDTLVNRIELKGIDFKEDGNILGHKLEYNYNSHNVYIMADKQKNGIKVNFKIRHNIEDGSVQLADHYQQNTPIGDGPVLLPDNHYLSTQSALSKDPNEKRDHMVLLEFVTAAGITHGMDELYK,P42212
sdAb_4865_Cd,NB_94_AG_24,PD-GBP6,Arabian camel (Camelus dromedarius),AG_24,green fluorescent protein (GFP),QVQLQESGGGSVQAGGSLRLSCVASVDIYNLYSMGWFRQAPGKEREGIANLGNGGIRTYYADSVKGRFTISQDKAKKTMYLQMNSLKPEDTAIYYCATGRPFESYGRLVKPNEYANWGQGTQVTVSS,MSKGEELFTGVVPILVELDGDVNGHKFSVSGEGEGDATYGKLTLKFICTTGKLPVPWPTLVTTFSYGVQCFSRYPDHMKQHDFFKSAMPEGYVQERTIFFKDDGNYKTRAEVKFEGDTLVNRIELKGIDFKEDGNILGHKLEYNYNSHNVYIMADKQKNGIKVNFKIRHNIEDGSVQLADHYQQNTPIGDGPVLLPDNHYLSTQSALSKDPNEKRDHMVLLEFVTAAGITHGMDELYK,P42212
sdAb_5773_Sy,NB_95_AG_24,Anti-GFP,Synthetic Construct,AG_24,green fluorescent protein (GFP),MQVQLVESGGALVQPGGSLRLSCAASGFPVNRYSMRWYRQAPGKEREWVAGMSSAGDRSSYEDSVKGRFTISRDDARNTVYLQMNSLKPEDTAVYYCNVNVGFEYWGQGTQVTVSS,MSKGEELFTGVVPILVELDGDVNGHKFSVSGEGEGDATYGKLTLKFICTTGKLPVPWPTLVTTFSYGVQCFSRYPDHMKQHDFFKSAMPEGYVQERTIFFKDDGNYKTRAEVKFEGDTLVNRIELKGIDFKEDGNILGHKLEYNYNSHNVYIMADKQKNGIKVNFKIRHNIEDGSVQLADHYQQNTPIGDGPVLLPDNHYLSTQSALSKDPNEKRDHMVLLEFVTAAGITHGMDELYK,P42212
sdAb_6531_Lg,NB_96_AG_24,cAbGFP4_1-1-0,Llama (Lama glama),AG_24,Green fluorescent protein (GFP),QVQLVESGGALVQPGGSLRLSCAASGFPVNRYSCRWYRQAPGKEREWVAGMSSAGDRSSYEDSVKGRFTISRDDARNTCYLQMNSLKPEDTAVYYCNVNVGFEYWGQGTQVTVSS,MSKGEELFTGVVPILVELDGDVNGHKFSVSGEGEGDATYGKLTLKFICTTGKLPVPWPTLVTTFSYGVQCFSRYPDHMKQHDFFKSAMPEGYVQERTIFFKDDGNYKTRAEVKFEGDTLVNRIELKGIDFKEDGNILGHKLEYNYNSHNVYIMADKQKNGIKVNFKIRHNIEDGSVQLADHYQQNTPIGDGPVLLPDNHYLSTQSALSKDPNEKRDHMVLLEFVTAAGITHGMDELYK,P42212
sdAb_6881_Lg,NB_97_AG_24,cAbGFP4_1-0-0,Llama (Lama glama),AG_24,Green fluorescent protein (GFP),QVQLVESGGALVQPGGSLRLSCAASGFPVNRYSMRWYRQAPGKEREWVAGMSSAGDRSSYEDSVKGRFTISRDDARNTVYLQMNSLKPEDTAVYYCNVNVGFEYWGQGTQVTVSS,MSKGEELFTGVVPILVELDGDVNGHKFSVSGEGEGDATYGKLTLKFICTTGKLPVPWPTLVTTFSYGVQCFSRYPDHMKQHDFFKSAMPEGYVQERTIFFKDDGNYKTRAEVKFEGDTLVNRIELKGIDFKEDGNILGHKLEYNYNSHNVYIMADKQKNGIKVNFKIRHNIEDGSVQLADHYQQNTPIGDGPVLLPDNHYLSTQSALSKDPNEKRDHMVLLEFVTAAGITHGMDELYK,P42212
sdAb_8786_Lg,NB_98_AG_24,cAbGFP4_1-1-1,Llama (Lama glama),AG_24,Green fluorescent protein (GFP),QVQLVESGGALVQPGGSLRLSCAASGFPVNRYSCRWYRQAPGKEREWVCGMSSAGDRSSYEDSVKGRFTCSRDDARNTCYLQMNSLKPEDTAVYYCNVNVGFEYWGQGTQVTVSS,MSKGEELFTGVVPILVELDGDVNGHKFSVSGEGEGDATYGKLTLKFICTTGKLPVPWPTLVTTFSYGVQCFSRYPDHMKQHDFFKSAMPEGYVQERTIFFKDDGNYKTRAEVKFEGDTLVNRIELKGIDFKEDGNILGHKLEYNYNSHNVYIMADKQKNGIKVNFKIRHNIEDGSVQLADHYQQNTPIGDGPVLLPDNHYLSTQSALSKDPNEKRDHMVLLEFVTAAGITHGMDELYK,P42212
sdAb_9293_Cd,NB_99_AG_24,PD-GBP5,Arabian camel (Camelus dromedarius),AG_24,green fluorescent protein (GFP),DVQLQESGGGSVQAGGSLRLSCAASGDTFSSYSMAWFRQAPGKECELVSNILRDGTTTYAGSVKGRFTISRDDAKNTVYLQMVNLKSEDTARYYCAADSGTQLGYVGAVGLSCLDYVMDYWGKGTQVTVSS,MSKGEELFTGVVPILVELDGDVNGHKFSVSGEGEGDATYGKLTLKFICTTGKLPVPWPTLVTTFSYGVQCFSRYPDHMKQHDFFKSAMPEGYVQERTIFFKDDGNYKTRAEVKFEGDTLVNRIELKGIDFKEDGNILGHKLEYNYNSHNVYIMADKQKNGIKVNFKIRHNIEDGSVQLADHYQQNTPIGDGPVLLPDNHYLSTQSALSKDPNEKRDHMVLLEFVTAAGITHGMDELYK,P42212
sdAb_9477_Ca,NB_100_AG_24,vhhGFP4,Camelid (Camelidae),AG_24,green fluorescent protein (GFP),MDQVQLVESGGALVQPGGSLRLSCAASGFPVNRYSMRWYRQAPGREREWVAGMSSAGDRSSYEDSVRGRFTISRDDARNTVYLQMNSLRPEDTAVYYCNVNVGFEYWGQGTQVTVSS,MSKGEELFTGVVPILVELDGDVNGHKFSVSGEGEGDATYGKLTLKFICTTGKLPVPWPTLVTTFSYGVQCFSRYPDHMKQHDFFKSAMPEGYVQERTIFFKDDGNYKTRAEVKFEGDTLVNRIELKGIDFKEDGNILGHKLEYNYNSHNVYIMADKQKNGIKVNFKIRHNIEDGSVQLADHYQQNTPIGDGPVLLPDNHYLSTQSALSKDPNEKRDHMVLLEFVTAAGITHGMDELYK,P42212
sdAb_9872_Lg,NB_101_AG_24,cAbGFP4_0-0-0,Llama (Lama glama),AG_24,Green fluorescent protein (GFP),QVQLVESGGALVQPGGSLRLSAAASGFPVNRYSMRWYRQAPGKEREWVAGMSSAGDRSSYEDSVKGRFTISRDDARNTVYLQMNSLKPEDTAVYYVNVNVGFEYWGQGTQVTVSS,MSKGEELFTGVVPILVELDGDVNGHKFSVSGEGEGDATYGKLTLKFICTTGKLPVPWPTLVTTFSYGVQCFSRYPDHMKQHDFFKSAMPEGYVQERTIFFKDDGNYKTRAEVKFEGDTLVNRIELKGIDFKEDGNILGHKLEYNYNSHNVYIMADKQKNGIKVNFKIRHNIEDGSVQLADHYQQNTPIGDGPVLLPDNHYLSTQSALSKDPNEKRDHMVLLEFVTAAGITHGMDELYK,P42212
sdAb_9898_Ca,NB_102_AG_24,GBP1,Camelid (Camelidae),AG_24,green fluorescent protein (GFP),MADVQLVESGGALVQPGGSLRLSCAASGFPVNRYSMRWYRQAPGKEREWVAGMSSAGDRSSYEDSVKGRFTISRDDARNTVYLQMNSLKPEDTAVYYCNVNVGFEYWGQGTQVTVSSAAA,MSKGEELFTGVVPILVELDGDVNGHKFSVSGEGEGDATYGKLTLKFICTTGKLPVPWPTLVTTFSYGVQCFSRYPDHMKQHDFFKSAMPEGYVQERTIFFKDDGNYKTRAEVKFEGDTLVNRIELKGIDFKEDGNILGHKLEYNYNSHNVYIMADKQKNGIKVNFKIRHNIEDGSVQLADHYQQNTPIGDGPVLLPDNHYLSTQSALSKDPNEKRDHMVLLEFVTAAGITHGMDELYK,P42212
sdAb_9986_Lg,NB_103_AG_24,cAbGFP4_1-0-1,Llama (Lama glama),AG_24,Green fluorescent protein (GFP),QVQLVESGGALVQPGGSLRLSCAASGFPVNRYSMRWYRQAPGKEREWVCGMSSAGDRSSYEDSVKGRFTCSRDDARNTVYLQMNSLKPEDTAVYYCNVNVGFEYWGQGTQVTVSS,MSKGEELFTGVVPILVELDGDVNGHKFSVSGEGEGDATYGKLTLKFICTTGKLPVPWPTLVTTFSYGVQCFSRYPDHMKQHDFFKSAMPEGYVQERTIFFKDDGNYKTRAEVKFEGDTLVNRIELKGIDFKEDGNILGHKLEYNYNSHNVYIMADKQKNGIKVNFKIRHNIEDGSVQLADHYQQNTPIGDGPVLLPDNHYLSTQSALSKDPNEKRDHMVLLEFVTAAGITHGMDELYK,P42212
sdAb_0285_Cd,NB_104_AG_25,NbsfGFP03,Arabian camel (Camelus dromedarius),AG_25,Superfolder green fluorescent protein (sfGFP),QVQLQESGGGSVQAGGSLRLACAAPGYTFSDYCMGWFRQAPGKEREEVARISGGKRTYYSDSVRGRFTISRDDYKNTKNTVWLQMDSLKPEDTAIYYCARGGYTTGVCAGGFNDWGQGTQVTVSS,MSKGEELFTGVVPILVELDGDVNGHKFSVSGEGEGDATYGKLTLKFICTTGKLPVPWPTLVTTFSYGVQCFSRYPDHMKQHDFFKSAMPEGYVQERTIFFKDDGNYKTRAEVKFEGDTLVNRIELKGIDFKEDGNILGHKLEYNYNSHNVYIMADKQKNGIKVNFKIRHNIEDGSVQLADHYQQNTPIGDGPVLLPDNHYLSTQSALSKDPNEKRDHMVLLEFVTAAGITHGMDELYK,P42212
sdAb_1089_Cd,NB_105_AG_25,NbsfGFP01,Arabian camel (Camelus dromedarius),AG_25,Superfolder green fluorescent protein (sfGFP),QVQLQESGGGSVQAGGSLKLSCAASGGAYRNACMGWFRQAPGKEREGVAIINSVDTTYYADPVKGRFTISRDNAKSTVYLLMNSLKPEDTAIYYCAQVARVVCPGDKLGASGYNYWGQGTQVTVSS,MSKGEELFTGVVPILVELDGDVNGHKFSVSGEGEGDATYGKLTLKFICTTGKLPVPWPTLVTTFSYGVQCFSRYPDHMKQHDFFKSAMPEGYVQERTIFFKDDGNYKTRAEVKFEGDTLVNRIELKGIDFKEDGNILGHKLEYNYNSHNVYIMADKQKNGIKVNFKIRHNIEDGSVQLADHYQQNTPIGDGPVLLPDNHYLSTQSALSKDPNEKRDHMVLLEFVTAAGITHGMDELYK,P42212
sdAb_1294_Cd,NB_106_AG_25,NbsfGFP07,Arabian camel (Camelus dromedarius),AG_25,Superfolder green fluorescent protein (sfGFP),QVQLQESGGGSVQAGGSLRLSCEBSGMTFSVYNLGWLRQAPGQECELVSTITRDGSTDYADSMKGRFTISRDNAKNTMYLQMSLKPDDTAVYYCAAGVGVVDCTEGQGTQVTVSS,MSKGEELFTGVVPILVELDGDVNGHKFSVSGEGEGDATYGKLTLKFICTTGKLPVPWPTLVTTFSYGVQCFSRYPDHMKQHDFFKSAMPEGYVQERTIFFKDDGNYKTRAEVKFEGDTLVNRIELKGIDFKEDGNILGHKLEYNYNSHNVYIMADKQKNGIKVNFKIRHNIEDGSVQLADHYQQNTPIGDGPVLLPDNHYLSTQSALSKDPNEKRDHMVLLEFVTAAGITHGMDELYK,P42212
sdAb_1483_Cd,NB_107_AG_25,NbsfGFP06,Arabian camel (Camelus dromedarius),AG_25,Superfolder green fluorescent protein (sfGFP),QVQLQESGGGSVQAGGSLRLSCADSGYTFSDYCMGWFRQAPGKEREGVAISNGGLITRYADSVKGRFTVSRDNAKNTLYLEMNSLKPEDTATYFCAKGSYTCNPDRWSQVSDYKYGGQGTQVTVSS,MSKGEELFTGVVPILVELDGDVNGHKFSVSGEGEGDATYGKLTLKFICTTGKLPVPWPTLVTTFSYGVQCFSRYPDHMKQHDFFKSAMPEGYVQERTIFFKDDGNYKTRAEVKFEGDTLVNRIELKGIDFKEDGNILGHKLEYNYNSHNVYIMADKQKNGIKVNFKIRHNIEDGSVQLADHYQQNTPIGDGPVLLPDNHYLSTQSALSKDPNEKRDHMVLLEFVTAAGITHGMDELYK,P42212
sdAb_1739_Cd,NB_108_AG_25,NbsfGFP02,Arabian camel (Camelus dromedarius),AG_25,Superfolder green fluorescent protein (sfGFP),QVQLQESGGGSVQAGGSLRLSCAASGPTYSSYFMAWFRQAPGMEREGVAASSYDGSTTLYADSVKGRFTISQGNAKNTKFLLLNNLEPEDTAIYYCALRRRGWSNTSGWKQPGWYDYWGQGTQVTVSS,MSKGEELFTGVVPILVELDGDVNGHKFSVSGEGEGDATYGKLTLKFICTTGKLPVPWPTLVTTFSYGVQCFSRYPDHMKQHDFFKSAMPEGYVQERTIFFKDDGNYKTRAEVKFEGDTLVNRIELKGIDFKEDGNILGHKLEYNYNSHNVYIMADKQKNGIKVNFKIRHNIEDGSVQLADHYQQNTPIGDGPVLLPDNHYLSTQSALSKDPNEKRDHMVLLEFVTAAGITHGMDELYK,P42212
sdAb_4692_Cd,NB_109_AG_25,NbsfGFP08,Arabian camel (Camelus dromedarius),AG_25,Superfolder green fluorescent protein (sfGFP),QVQLQESGGGSVQAGGSLRLSCVASGLTFSIYRMYWYRQAPGKACELVSLIIPDGTTTYADSVKGRFTISRDDAKNTVYLQMNSLEPEDTAVYYCAASTAGNWPRACTDFVYQGQGTQVTVSS,MSKGEELFTGVVPILVELDGDVNGHKFSVSGEGEGDATYGKLTLKFICTTGKLPVPWPTLVTTFSYGVQCFSRYPDHMKQHDFFKSAMPEGYVQERTIFFKDDGNYKTRAEVKFEGDTLVNRIELKGIDFKEDGNILGHKLEYNYNSHNVYIMADKQKNGIKVNFKIRHNIEDGSVQLADHYQQNTPIGDGPVLLPDNHYLSTQSALSKDPNEKRDHMVLLEFVTAAGITHGMDELYK,P42212
sdAb_5898_Cd,NB_110_AG_25,NbsfGFP04,Arabian camel (Camelus dromedarius),AG_25,Superfolder green fluorescent protein (sfGFP),QVQLQESGGGSVQAGGSLRLSCAASGNTHITLAWFRQAPGKEREGVVFIYTSTGYTYYSDSVKGRFTISQDNAKNTVYLQMDNLKPEDAGMYYCAAGRTRSVRPGGRIDPGAFDYWGQGTQVTVSS,MSKGEELFTGVVPILVELDGDVNGHKFSVSGEGEGDATYGKLTLKFICTTGKLPVPWPTLVTTFSYGVQCFSRYPDHMKQHDFFKSAMPEGYVQERTIFFKDDGNYKTRAEVKFEGDTLVNRIELKGIDFKEDGNILGHKLEYNYNSHNVYIMADKQKNGIKVNFKIRHNIEDGSVQLADHYQQNTPIGDGPVLLPDNHYLSTQSALSKDPNEKRDHMVLLEFVTAAGITHGMDELYK,P42212
sdAb_5873_Sy,NB_111_AG_26,VH576,Synthetic Construct,AG_26,LIM domain only 2?(LMO2),MAEVQLLESGGGLVQPGGSLRLSCAASGFSFSHSPMNWVRQAPGKGLEWVSYISYNSSSIYYADSVKGRFTISRDNSKNTLYLQMNSLRAEDTAVYYCARGLTESLELTADWFDYWGQGTLVTVSS,MSSAIERKSLDPSEEPVDEVLQIPPSLLTCGGCQQNIGDRYFLKAIDQYWHEDCLSCDLCGCRLGEVGRRLYYKLGRKLCRRDYLRLFGQDGLCASCDKRIRAYEMTMRVKDKVYHLECFKCAACQKHFCVGDRYLLINSDIVCEQDIYEWTKINGMI,P25791
sdAb_9254_Vp,NB_112_AG_27,Nb314,Alpaca (Vicugna pacos),AG_27,Glioblastoma multiforme dihydropyrimidinase-related protein 2 (DPYSl2) and/or methylenetetrahydrofolate dehydrogenase l (MTHFD1),QVQLVESGGGLVKPGGSLRLSCTASGFTLNYDDVVWFRQAPGKEREGVACISGMNGNANYADSVKGRFAISRDTAKNTVYLQVNSLKPEDTAVYYCAAAAACDDGLLMNSSYYYWGQGIQVTVSS,MSYQGKKNIPRITSDRLLIKGGKIVNDDQSFYADIYMEDGLIKQIGENLIVPGGVKTIEAHSRMVIPGGIDVHTRFQMPDQGMTSADDFFQGTKAALAGGTTMIIDHVVPEPGTSLLAAFDQWREWADSKSCCDYSLHVDITEWHKGIQEEMEALVKDHGVNSFLVYMAFKDRFQLTDSQIYEVLSVIRDIGAIAQVHAENGDIIAEEQQRILDLGITGPEGHVLSRPEEVEAEAVNRSITIANQTNCPLYVTKVMSKSAAEVIAQARKKGTVVYGEPITASLGTDGSHYWSKNWAKAAAFVTSPPLSPDPTTPDFLNSLLSCGDLQVTGSAHCTFNTAQKAVGKDNFTLIPEGTNGTEERMSVIWDKAVVTGKMDENQFVAVTSTNAAKVFNLYPRKGRISVGSDADLVIWDPDSVKTISAKTHNSALEYNIFEGMECRGSPLVVISQGKIVLEDGTLHVTEGSGRYIPRKPFPDFVYKRIKARSRLAELRGVPRGLYDGPVCEVSVTPKTVTPASSAKTSPAKQQAPPVRNLHQSGFSLSGAQIDDNIPRRTTQRIVAPPGGRANITSLG,O08553
sdAb_1432_Vp,NB_113_AG_27,Nb394,Alpaca (Vicugna pacos),AG_27,Glioblastoma multiforme collapsin response mediator protein l (CRMP1),DVQLVESGGGLVQPGGSLRLSCAASGVTFDEYAIGWFRQAPGKEREAVACIGSSDGRTYYRDSVKGRFTISNNNAENTMYLQMNSLKPEDTAVYYCAACDDEGGLPRRTVKYYYWGRGTQVTVSS,MSYQGKKSIPHITSDRLLIKGGRIINDDQSLYADVYLEDGLIKQIGENLIVPGGVKTIEANGRMVIPGGIDVNTYLQKPSQGMTAADDFFQGTRAALVGGTTMIIDHVVPEPGSSLLTSFEKWHEAADTKSCCDYSLHVDITSWYDGVREELEVLVQDKGVNSFQVYMAYKDVYQMSDSQLYEAFTFLKGLGAVILVHAENGDLIAQEQKRILEMGITGPEGHALSRPEELEAEAVFRAITIAGRINCPVYITKVMSKSAADIIALARKKGPLVFGEPIAASLGTDGTHYWSKNWAKAAAFVTSPPLSPDPTTPDYLTSLLACGDLQVTGSGHCPYSTAQKAVGKDNFTLIPEGVNGIEERMTVVWDKAVATGKMDENQFVAVTSTNAAKIFNLYPRKGRIAVGSDADVVIWDPDKLKTITAKSHKSAVEYNIFEGMECHGSPLVVISQGKIVFEDGNINVNKGMGRFIPRKAFPEHLYQRVKIRNKVFGLQGVSRGMYDGPVYEVPATPKYATPAPSAKSSPSKHQPPPIRNLHQSNFSLSGAQIDDNNPRRTGHRIVAPPGGRSNITSLG,Q14194
sdAb_1799_Vp,NB_114_AG_28,A12,Alpaca (Vicugna pacos),AG_28,mitochondrial translation elongation factor (TUFM),QVQLQESGGGLAQAGGSLRLSCAASGRMFSINNMGWYRQAPGKQRELVAFITRGGTTTYADSMKGRVTISRDNAKNTVYLQMNSLKPEDTAVYYCAADDINNPRRTTTYWGQGTQVTISS,MTTMAAATLLRATPHFSGLAAGRTFLLQGLLRLLKAPALPLLCRGLAVEAKKTYVRDKPHVNVGTIGHVDHGKTTLTAAITKILAEGGGAKFKKYEEIDNAPEERARGITINAAHVEYSTAARHYAHTDCPGHADYVKNMITGTAPLDGCILVVAANDGPMPQTREHLLLARQIGVEHVVVYVNKADAVQDSEMVELVELEIRELLTEFGYKGEETPVIVGSALCALEGRDPELGLKSVQKLLDAVDTYIPVPARDLEKPFLLPVEAVYSVPGRGTVVTGTLERGILKKGDECELLGHSKNIRTVVTGIEMFHKSLERAEAGDNLGALVRGLKREDLRRGLVMVKPGSIKPHQKVEAQVYILSKEEGGRHKPFVSHFMPVMFSLTWDMACRIILPPEKELAMPGEDLKFNLILRQPMILEKGQRFTLRDGNRTIGTGLVTNTLAMTEEEKNIKWG,P49411
sdAb_1194_Sy,NB_115_AG_29,Anti-mCherry,Synthetic Construct,AG_29,mCherry,MAQVQLVESGGGLVQAGGSLRLSCATSGFTFSDYAMGWFRQAPGKEREFVAAISWSGHVTDYADSVKGRFTISRDNVKNTVYLQMNSLKPEDTAVYSCAAAKSGTWWYQRSENDFGSWGQGTQVTVSKEAI,MVSKGEEDNMAIIKEFMRFKVHMEGSVNGHEFEIEGEGEGRPYEGTQTAKLKVTKGGPLPFAWDILSPQFMYGSKAYVKHPADIPDYLKLSFPEGFKWERVMNFEDGGVVTVTQDSSLQDGEFIYKVKLRGTNFPSDGPVMQKKTMGWEASSERMYPEDGALKGEIKQRLKLKDGGHYDAEVKTTYKAKKPVQLPGAYNVNIKLDITSHNEDYTIVEQYERAEGRHSTGGMDELYK,A0A4D6FVK6
,,,,,,,,
,,,,,,,,
,,,,,,,,
,,,,,,,,
,,,,,,,,
,,,,,,,,
,,,,,,,,
,,,,,,,,
,,,,,,,,
,,,,,,,,
,,,,,,,,
,,,,,,,,
,,,,,,,,
,,,,,,,,
,,,,,,,,
,,,,,,,,
,,,,,,,,
,,,,,,,,
,,,,,,,,
,,,,,,,,
,,,,,,,,
,,,,,,,,
,,,,,,,,
,,,,,,,,
,,,,,,,,
,,,,,,,,
,,,,,,,,
,,,,,,,,
,,,,,,,,
,,,,,,,,
,,,,,,,,
,,,,,,,,
,,,,,,,,
,,,,,,,,
,,,,,,,,
,,,,,,,,
,,,,,,,,
,,,,,,,,
,,,,,,,,
,,,,,,,,
,,,,,,,,
,,,,,,,,
,,,,,,,,
,,,,,,,,
,,,,,,,,
,,,,,,,,
,,,,,,,,
,,,,,,,,
,,,,,,,,
,,,,,,,,
,,,,,,,,
,,,,,,,,
,,,,,,,,
,,,,,,,,
,,,,,,,,
,,,,,,,,
,,,,,,,,
,,,,,,,,
,,,,,,,,
,,,,,,,,
,,,,,,,,
,,,,,,,,
,,,,,,,,
,,,,,,,,
,,,,,,,,
,,,,,,,,
,,,,,,,,
,,,,,,,,
,,,,,,,,
,,,,,,,,
,,,,,,,,
,,,,,,,,
,,,,,,,,
,,,,,,,,
,,,,,,,,
,,,,,,,,
,,,,,,,,
,,,,,,,,
,,,,,,,,
,,,,,,,,
,,,,,,,,
,,,,,,,,
,,,,,,,,
,,,,,,,,
,,,,,,,,
,,,,,,,,
,,,,,,,,
,,,,,,,,
,,,,,,,,
,,,,,,,,
,,,,,,,,
,,,,,,,,
,,,,,,,,
,,,,,,,,
,,,,,,,,
,,,,,,,,
,,,,,,,,
,,,,,,,,
,,,,,,,,
,,,,,,,,
,,,,,,,,
,,,,,,,,
,,,,,,,,
,,,,,,,,
,,,,,,,,
,,,,,,,,
,,,,,,,,
,,,,,,,,
,,,,,,,,
,,,,,,,,
,,,,,,,,
,,,,,,,,
,,,,,,,,
,,,,,,,,
,,,,,,,,
,,,,,,,,
,,,,,,,,
,,,,,,,,
,,,,,,,,
,,,,,,,,
,,,,,,,,
,,,,,,,,
,,,,,,,,
,,,,,,,,
,,,,,,,,
,,,,,,,,
,,,,,,,,
,,,,,,,,
,,,,,,,,
,,,,,,,,
,,,,,,,,
,,,,,,,,
,,,,,,,,
,,,,,,,,
,,,,,,,,
,,,,,,,,
,,,,,,,,
,,,,,,,,
,,,,,,,,
,,,,,,,,
,,,,,,,,
,,,,,,,,
,,,,,,,,
,,,,,,,,
,,,,,,,,
,,,,,,,,
,,,,,,,,
,,,,,,,,
,,,,,,,,
,,,,,,,,
,,,,,,,,
,,,,,,,,
,,,,,,,,
,,,,,,,,
,,,,,,,,
,,,,,,,,
,,,,,,,,
,,,,,,,,
,,,,,,,,
,,,,,,,,
,,,,,,,,
,,,,,,,,
,,,,,,,,
,,,,,,,,
,,,,,,,,
,,,,,,,,
,,,,,,,,
,,,,,,,,
,,,,,,,,
,,,,,,,,
,,,,,,,,
,,,,,,,,
,,,,,,,,
,,,,,,,,
,,,,,,,,
,,,,,,,,
,,,,,,,,
,,,,,,,,
,,,,,,,,
,,,,,,,,
,,,,,,,,
,,,,,,,,
,,,,,,,,
,,,,,,,,
,,,,,,,,
,,,,,,,,
,,,,,,,,
,,,,,,,,
